
SET NAMES utf8mb4;
SET FOREIGN_KEY_CHECKS = 0;

CREATE DATABASE 电影论坛管理系统 character set utf8;
USE 电影论坛管理系统;
-- ----------------------------
-- Table structure for 主题表
-- ----------------------------
DROP TABLE IF EXISTS `主题表`;
CREATE TABLE `主题表`  (
  `主题编号` char(4) CHARACTER SET utf8 COLLATE utf8_general_ci NOT NULL,
  `主题名称` varchar(20) CHARACTER SET utf8 COLLATE utf8_general_ci NULL DEFAULT NULL,
  PRIMARY KEY (`主题编号`) USING BTREE
) ENGINE = InnoDB CHARACTER SET = utf8 COLLATE = utf8_general_ci ROW_FORMAT = Dynamic;

-- ----------------------------
-- Records of 主题表
-- ----------------------------
INSERT INTO `主题表` VALUES ('1001', '冒险');
INSERT INTO `主题表` VALUES ('1002', '剧情');
INSERT INTO `主题表` VALUES ('1003', '动作');
INSERT INTO `主题表` VALUES ('1004', '动画');
INSERT INTO `主题表` VALUES ('1005', '历史');
INSERT INTO `主题表` VALUES ('1006', '古装');
INSERT INTO `主题表` VALUES ('1007', '喜剧');
INSERT INTO `主题表` VALUES ('1008', '奇幻');
INSERT INTO `主题表` VALUES ('1009', '恐怖');
INSERT INTO `主题表` VALUES ('1010', '悬疑');
INSERT INTO `主题表` VALUES ('1011', '战争');
INSERT INTO `主题表` VALUES ('1012', '武侠');
INSERT INTO `主题表` VALUES ('1013', '灾难');
INSERT INTO `主题表` VALUES ('1014', '爱情');
INSERT INTO `主题表` VALUES ('1015', '犯罪');
INSERT INTO `主题表` VALUES ('1016', '科幻');

-- ----------------------------
-- Table structure for 参演表
-- ----------------------------
DROP TABLE IF EXISTS `参演表`;
CREATE TABLE `参演表`  (
  `电影编号` varchar(10) CHARACTER SET utf8 COLLATE utf8_general_ci NOT NULL,
  `演员编号` varchar(10) CHARACTER SET utf8 COLLATE utf8_general_ci NOT NULL,
  `是否为主演` tinyint(4) NULL DEFAULT 0,
  PRIMARY KEY (`电影编号`, `演员编号`) USING BTREE,
  INDEX `film_actor_ibfk_2`(`演员编号`) USING BTREE,
  CONSTRAINT `film_actor_ibfk_1` FOREIGN KEY (`电影编号`) REFERENCES `电影信息表` (`电影编号`) ON DELETE RESTRICT ON UPDATE CASCADE,
  CONSTRAINT `film_actor_ibfk_2` FOREIGN KEY (`演员编号`) REFERENCES `演员表` (`演员编号`) ON DELETE RESTRICT ON UPDATE CASCADE
) ENGINE = InnoDB CHARACTER SET = utf8 COLLATE = utf8_general_ci ROW_FORMAT = Dynamic;

-- ----------------------------
-- Records of 参演表
-- ----------------------------
INSERT INTO `参演表` VALUES ('20211001', '202112001', 1);
INSERT INTO `参演表` VALUES ('20211001', '202112002', 0);
INSERT INTO `参演表` VALUES ('20211001', '202112003', 0);
INSERT INTO `参演表` VALUES ('20211002', '202112004', 1);
INSERT INTO `参演表` VALUES ('20211002', '202112005', 0);
INSERT INTO `参演表` VALUES ('20211002', '202112006', 0);
INSERT INTO `参演表` VALUES ('20211002', '202112007', 0);
INSERT INTO `参演表` VALUES ('20211003', '202112008', 1);
INSERT INTO `参演表` VALUES ('20211003', '202112009', 0);
INSERT INTO `参演表` VALUES ('20211004', '202112010', 1);
INSERT INTO `参演表` VALUES ('20211004', '202112011', 0);
INSERT INTO `参演表` VALUES ('20211004', '202112012', 0);
INSERT INTO `参演表` VALUES ('20211004', '202112013', 0);
INSERT INTO `参演表` VALUES ('20211005', '202112014', 1);
INSERT INTO `参演表` VALUES ('20211005', '202112015', 0);
INSERT INTO `参演表` VALUES ('20211005', '202112016', 0);
INSERT INTO `参演表` VALUES ('20211005', '202112017', 0);
INSERT INTO `参演表` VALUES ('20211005', '202112018', 0);
INSERT INTO `参演表` VALUES ('20211006', '202112019', 1);
INSERT INTO `参演表` VALUES ('20211006', '202112020', 0);
INSERT INTO `参演表` VALUES ('20211007', '202112021', 1);
INSERT INTO `参演表` VALUES ('20211007', '202112022', 0);
INSERT INTO `参演表` VALUES ('20211008', '202112023', 1);
INSERT INTO `参演表` VALUES ('20211008', '202112024', 0);
INSERT INTO `参演表` VALUES ('20211008', '202112025', 0);
INSERT INTO `参演表` VALUES ('20211009', '202112026', 1);
INSERT INTO `参演表` VALUES ('20211009', '202112027', 0);
INSERT INTO `参演表` VALUES ('20211009', '202112028', 0);
INSERT INTO `参演表` VALUES ('20211009', '202112029', 0);
INSERT INTO `参演表` VALUES ('20211009', '202112030', 0);
INSERT INTO `参演表` VALUES ('20211010', '202112031', 1);
INSERT INTO `参演表` VALUES ('20211010', '202112032', 0);
INSERT INTO `参演表` VALUES ('20211011', '202112033', 1);
INSERT INTO `参演表` VALUES ('20211011', '202112034', 0);
INSERT INTO `参演表` VALUES ('20211011', '202112035', 0);
INSERT INTO `参演表` VALUES ('20211012', '202112036', 1);
INSERT INTO `参演表` VALUES ('20211012', '202112037', 0);
INSERT INTO `参演表` VALUES ('20211013', '202112038', 1);
INSERT INTO `参演表` VALUES ('20211013', '202112039', 0);
INSERT INTO `参演表` VALUES ('20211013', '202112040', 0);
INSERT INTO `参演表` VALUES ('20211014', '202112041', 1);
INSERT INTO `参演表` VALUES ('20211014', '202112042', 0);
INSERT INTO `参演表` VALUES ('20211015', '202112043', 1);
INSERT INTO `参演表` VALUES ('20211015', '202112044', 0);
INSERT INTO `参演表` VALUES ('20211015', '202112045', 0);
INSERT INTO `参演表` VALUES ('20211016', '202112046', 1);
INSERT INTO `参演表` VALUES ('20211016', '202112047', 0);

-- ----------------------------
-- Table structure for 导演表
-- ----------------------------
DROP TABLE IF EXISTS `导演表`;
CREATE TABLE `导演表`  (
  `导演编号` varchar(10) CHARACTER SET utf8 COLLATE utf8_general_ci NOT NULL,
  `导演姓名` varchar(30) CHARACTER SET utf8 COLLATE utf8_general_ci NOT NULL,
  PRIMARY KEY (`导演编号`) USING BTREE
) ENGINE = InnoDB CHARACTER SET = utf8 COLLATE = utf8_general_ci ROW_FORMAT = Dynamic;

-- ----------------------------
-- Records of 导演表
-- ----------------------------
INSERT INTO `导演表` VALUES ('1001', '戴墨');
INSERT INTO `导演表` VALUES ('1002', '刘循子墨');
INSERT INTO `导演表` VALUES ('1003', '黎志');
INSERT INTO `导演表` VALUES ('1004', '孙海鹏');
INSERT INTO `导演表` VALUES ('1005', '郭子健');
INSERT INTO `导演表` VALUES ('1006', '林德禄');
INSERT INTO `导演表` VALUES ('1007', '高可');
INSERT INTO `导演表` VALUES ('1008', '郑世教');
INSERT INTO `导演表` VALUES ('1009', '刘伟强');
INSERT INTO `导演表` VALUES ('1010', '佩塔尔·瓦查诺夫');
INSERT INTO `导演表` VALUES ('1011', '邵艺辉');
INSERT INTO `导演表` VALUES ('1012', 'Uzair Zaheer Khan');
INSERT INTO `导演表` VALUES ('1013', '林秀强');
INSERT INTO `导演表` VALUES ('1014', '王苹');
INSERT INTO `导演表` VALUES ('1015', '梁鸿华');
INSERT INTO `导演表` VALUES ('1016', '邢文雄');

-- ----------------------------
-- Table structure for 影评表
-- ----------------------------
DROP TABLE IF EXISTS `影评表`;
CREATE TABLE `影评表`  (
  `电影编号` varchar(10) CHARACTER SET utf8 COLLATE utf8_general_ci NOT NULL,
  `用户编号` varchar(10) CHARACTER SET utf8 COLLATE utf8_general_ci NOT NULL,
  `评论时间` datetime(0) NULL DEFAULT NULL,
  `评论内容` text CHARACTER SET utf8 COLLATE utf8_general_ci NULL,
  PRIMARY KEY (`用户编号`, `电影编号`) USING BTREE,
  INDEX `judgement_ibfk_1`(`电影编号`) USING BTREE,
  CONSTRAINT `judgement_ibfk_1` FOREIGN KEY (`电影编号`) REFERENCES `电影信息表` (`电影编号`) ON DELETE CASCADE ON UPDATE CASCADE,
  CONSTRAINT `judgement_ibfk_2` FOREIGN KEY (`用户编号`) REFERENCES `用户信息表` (`用户编号`) ON DELETE CASCADE ON UPDATE CASCADE
) ENGINE = InnoDB CHARACTER SET = utf8 COLLATE = utf8_general_ci ROW_FORMAT = Dynamic;

-- ----------------------------
-- Records of 影评表
-- ----------------------------
INSERT INTO `影评表` VALUES ('20211005', '211305001', '2021-12-15 11:03:20', '剧情逻辑环环相扣，节奏紧密，内容有史有据，带老妈一起看的，我是觉得没泪点，老妈最后看雷佳音拆信的时候还是哭了，本来想看那个xx，看到影评有人说逻辑差就选了这个，看完觉得选择很正确，真的是好电影，特别值得一看，看之前有人说李现毁片，看完觉得李现演的挺好，和剧中的角色特别贴合，虽然不是他粉丝，但是有些人也没必要因为人家长得比你帅就尬黑乱评，纯纯低能小丑。剧里的角色都很鲜明，大家的演技都很在线，看的挺开心，很少写影评觉得没什么好写的，这个电影是真的不错，不像有些酒喝过就算了，这电影属于入口有回甘，喝完还念念不忘，哈哈，推荐\r\n');
INSERT INTO `影评表` VALUES ('20211009', '211305001', '2022-02-03 11:13:05', '和大多数北上的港片导演一样，刘伟强在内地同样面临水土不服的情况，近些年没有什么佳作拿得出手——这一次他学聪明了，懂得扬长避短专注于“微观”层面的描绘，再加上节奏把控得当，片子自然不会太差。 不得不说，刘伟强挺会拍人，《中国机长》被他卯足了劲拍得特别养眼。 “节奏感良好”是该片的主要优点（甚至可以说挽救了这部本身并不出彩的电影），尤其是中前段张弛有度的调控，看得人很舒服，代入感也强。相对的，中后段的编排就有些失控了，“累赘感”明显增强，算是个不小的遗憾。 我印象最深的一段是个小细节：刘长健在发现风挡玻璃上的裂痕时，用了完全不同于平时的语调向地面控制中心报告了情况，同时要求立刻返航，迟疑、紧张，这说明面对如此突发状况，刘长健自己也怕了。 即便如此，当3U8633航班真正平安着陆后，刘长健稳稳地对乘客们说出“抱歉”时，还是显得特别帅。 总体而言，《中国机长》称得上一部技法娴熟且颇为讨巧的灾难题材商业片，足够多的附加内容填充，使它有了更强的可看性，然而影片同时也被这一优点所反噬——后期的许多添加显得较为多余，倘若能再精简一些，把片长压到一个半小时以内，相信电影会更加紧凑、精彩。\r\n');
INSERT INTO `影评表` VALUES ('20211015', '211305001', '2022-01-14 11:24:15', '我印象最深的一个场景就是看见一个穿蓝色长褂的长发女鬼一直扶着她的肩膀走。给我的感觉是，BIGGIE一直背着这个女鬼到处走自己却不知道。用了人的心理弱点，就是“背后”，恐惧在你看不到的地方出现，还如影随形，即使你穿了很多衣服。。。。。然后后来我就一直有阴影，最感觉也有个鬼在我背后，也总感觉背后一阵阴凉\r\n');
INSERT INTO `影评表` VALUES ('20211002', '211607103', '2021-11-11 19:55:09', '一群人、一个案件、一间别墅。 万合果然是万合，一个简单的民国时期剧本会，除了保留这类电影该有的元素以外，喜剧无违和的融入，衔接非常自然，简直是90后的快乐专属。 每一句话其实都有伏笔，前后各种呼应，细节拉满，后面的几次反转都和这些细节有关，所以到时候大家前半部分一定留意对话，前面看的越仔细后面惊喜就越多。 这个片儿就很剧本杀，而且还是一个推理+情感本。玩家可以扮演导演、编剧、演员、策划、制片人，没有没用的角色，就像电影想要表达的主题一样，只要心怀正义，每个人都可以扬名立万，每个人都可以是主角，看完还真的蛮感动的。大家可以刷这个。');
INSERT INTO `影评表` VALUES ('20211002', '211607104', '2021-11-24 19:58:11', '看了首映，上周还去二刷了。特别喜欢的就是这部片子的设定。 军政部贪污远征军军费，导致远征军长官夜莺父亲，在缺兵少马的状况下战死，而幕后人就是把持财政与运输的三老。陆爷和关老师多次说军阀可惹不起，但这群电影人最后还是惹了。火苗本应被踩灭，但最终还是燃了起来，即便被海难扑灭了，却成为了记忆。现在还能有多少电影讲信念和善良呢，或许这才是电影本来的魅力吧。 很多人说它是剧本杀，但我觉得不是。如果杀了半天所有角色发现自己都死了，那玩家一定会喷这是个烂本子。所以它不一样，因为它是电影。结尾的“越南两船相撞”寓意着大家都没回来，追求真相的人虽然没能有好的结果，但把记忆传了回来。 不要再问齐乐山碎尸了没，这部剧全员好人。\r\n');
INSERT INTO `影评表` VALUES ('20211014', '211607104', '2022-01-06 11:22:52', '重温四十年前看过的经典，又唤起了对儿时的记忆！爱看电影是七、八十年代父母带我养成的接受新生事物的习惯，我想我会保持一辈子，并传承给我的孩子们，让他们永远保持对新生事物的敏感！ 今天，深感孙道临先生的儒雅气质和王心刚先生的别类表演都一样是新中国电影史上永不抹灭的丰碑，向新中国的老电影人致敬！ 怀念你们，怀念露天电影的那个年代！\r\n');
INSERT INTO `影评表` VALUES ('20211001', '211607105', '2021-12-21 19:59:05', '相比第一部.只能说越来越好.剧情环环相扣不矛盾.也真实的体现出了生活在社会的最高层跟生活在社会最底层的人差距.权利掌管着一切.并不是所有的父亲都是“林日朗”.但所有的父亲都会想着把最好的留给子女.“小虫”妈妈的那一句.“谁敢碰我儿子一下.我跟他拼命”彻底破防.我看谁不给我哭！是的.萤火虫的光太微弱.只会在黑暗的地方才会发光.引用结局的旁白：“在这个社会有太多的无奈与难受.很多人都会选择跟随大众随波逐流.可我们永远不要失去眼里的光.希望屏幕前的你珍惜眼下拥有的一切.好好活着”\r\n');
INSERT INTO `影评表` VALUES ('20211006', '211607105', '2021-12-25 11:05:24', '廖启智的遗作了吧\r\n');
INSERT INTO `影评表` VALUES ('20211007', '211607106', '2022-01-02 11:06:54', '因为这部电影让我有点期盼元旦的到来了，国庆档让我震撼，让我感动，希望跨年档能让我捧腹大笑一下\r\n');
INSERT INTO `影评表` VALUES ('20211002', '211607107', '2021-12-16 19:58:35', '《扬名立万》这部片子感觉很有新意，局中局戏中戏的拍法也很少见，整个剧情基本都发生在一栋富丽堂皇的大房子了，故事情节也是环环相扣，吸引人往下看下去，有人说像剧本杀，哈哈哈 这么一说还真的有点像～尹正在里面是很有正义感的人，表现很棒，故事大部分推理都是他推出来的，夜莺的那一段是整个剧情的关键，还是特别好看的，赶紧冲鸭～～\r\n');
INSERT INTO `影评表` VALUES ('20211007', '211607107', '2022-01-04 11:07:18', '马丽还是适合这种片子，跟麻花这群熟悉的搭档一站一块就有内味儿了\r\n');
INSERT INTO `影评表` VALUES ('20211011', '211607110', '2022-01-02 02:18:00', '昊昊的第一部播出的电影，期待演员黄明昊啊，爱情神话一定要票房大卖啊！！！！！\r\n');
INSERT INTO `影评表` VALUES ('20211015', '211607110', '2022-01-08 11:23:33', '我觉得这个电影比一般恐怖电影要好的原因是，不停地告诉你，其实鬼不在你身边，它就在你心里，它只是一种幻象，根本任何没有伤害你的力量，它利用你自己的恐惧杀死你。也就是一个很浅显的道理，如果你有爱，有勇敢，面对它，面对你自己内心的恐惧，你就可以胜利。  　　 人们对未知事物包括死亡的好奇和恐惧，促进了恐怖电影的发展。呵呵。\r\n');
INSERT INTO `影评表` VALUES ('20211010', '211607121', '2022-01-01 11:14:24', '每次看到艺联的片子，都有一种感觉——真实。如果说片子的内容，那一定是关于人性的。有门槛，但也由于个人对电影的故事背景以及当地的民生不了解，不敢做评判。\r\n');
INSERT INTO `影评表` VALUES ('20211004', '211607124', '2021-12-10 11:02:09', '非常不错，有被触动到，本人广东人，奉劝没看过电影的不要被带节奏了，首先现实生活中很多人都长相普通，并不都像某些人认为的动画里的大眼睛高鼻梁，而且主角所谓的“丑”是为剧情服务的，但看到后面，当一个其貌不扬的少年眼里有了光，他便不再普通，最后的镜头真的十分帅气了，聚焦角落里的少年，讲述普通人追梦的故事，而不是大人物，即使平凡和卑微，依然可以追逐心中的光，这个立意真的值得其他动画学习\r\n');
INSERT INTO `影评表` VALUES ('20211005', '211607125', '2021-12-17 11:03:37', '整体上情节很紧凑，剧情一环套一环推动悬疑不断往下走，还是很热闹的娱乐片。葛大爷的演技是最好的，虽然是戏份不多的配角，但把一个市侩又仗义的人演活了。其他人，包括猪脚雷佳音，表现有些做作。这片的缺点，一个是支线背景牵涉的太多，干扰主线剧情，二来节奏控制不好，导演想讲的太多，硬往里塞，三者强加一些特效来渲染剧情，非常的画蛇添足，最后一点，就是刻意营造90年代的感觉，但感觉导演和美工等对那个年代的体验似乎并不深，视觉上乱糟糟、脏兮兮的，很不伦不类。总体是部合格的娱乐片，但与“寻龙诀”比，差的不是一星半点。\r\n');
INSERT INTO `影评表` VALUES ('20211012', '211607125', '2022-01-07 11:20:01', '我也想省钱啊，但是是翼之声啊，是轩薇景羊啊，这还不期待，一把子等住了\r\n');
INSERT INTO `影评表` VALUES ('20211009', '211607130', '2022-01-06 11:12:11', '中国民航机长在空中航线遇恶劣天气，尤其是在8000米高空遭遇飞机前挡玻璃破碎而形成副压将助理抛出、四肢冻伤无法操控飞机、仪器仪表失灵、与地面联络中断、返航遇超大面积雷电雨云无法穿越绕行、返航超重迫降无法制动刹车等正常机长根本无法处理，普遍造成空难现象的情况下，我空军轰炸机飞行员出身的刘机长凭着中国空军培训的超人胆识和技术，谱写了中国民航在空难即将开始的危机时刻化危解难，用他的能力和智慧创造了不可用语言表达的奇迹和神话！\r\n');
INSERT INTO `影评表` VALUES ('20211016', '211607130', '2022-02-28 17:13:43', '今年春节档的唯一一部纯喜剧的合家欢贺岁电影，喜剧元素满满。爆笑满场，马丽加魏翔，首次携手亮相大荧幕，果然不同凡响，不负期待。魏翔饰演的魏成功，成为这部电影的灵魂人物，在平凡的岗位，依然坚持，“成功，只比未成功多坚持了一次。”这是电影片尾的一句话，也恰好说明了魏翔一路以来的艰辛，坚持就胜利，成功近在咫尺。\r\n');
INSERT INTO `影评表` VALUES ('20211012', '211607132', '2022-02-02 11:20:43', '冲着这个优秀的一批的配音演员表就爱了好吧！！！！！！羊老师加油！！！！翼之声加油！！！！！！！！\r\n');
INSERT INTO `影评表` VALUES ('20211003', '211607133', '2021-12-23 20:00:52', '这是我们的第四个跨年夜了，幸运的是我们互相奔赴 开口闭口是你，睡前睡醒是你，发呆想的是你，长篇大论也是你，我会一直陪着你，跟你一起奔赴，今年明年年年有你。\r\n');
INSERT INTO `影评表` VALUES ('20211011', '211607140', '2022-01-03 11:18:54', '感谢@不散 比预期好太多！最后真的被老乌的爱情神话打动了，差点掉眼泪。感觉现在年轻人总是怀着悲情看爱情，说什么一生一世一双人都是扯淡，奔着预设好的悲剧结尾又隐隐期待爱情的甜才是扯淡，我相信爱情神话！格洛瑞亚送完老白回KTV的那个情绪转变戳到我了。\r\n');
INSERT INTO `影评表` VALUES ('20211015', '211607143', '2021-12-24 11:23:50', '现在想想并没有那么可怕可能是年少纯洁善良没见过世面没牵过小手没亲过小嘴的稚嫩的心会被眼前的假象吓到再加上那会儿家里穷能租到的电影又不多都看成龙了好不容易租到一盘恐怖片就被吓尿现在依稀能记得绷紧的肾上腺是什么感觉又刺激又难受内心的煎熬就好像你读这条没有标点的影评一样忍啊。\r\n');
INSERT INTO `影评表` VALUES ('20211001', '211607144', '2021-12-16 20:00:18', '误杀2整体剧情反转很大，侧面体现了社会黑暗的一面，也让我深刻体会了一个父亲可以为自己孩子付出一切，甚至自己的生命。 但是触犯法律，利用权利去操控的人，最终也会收到法律的制裁！ 误杀1和误杀2两部剧大家说完全不同，但是我想说的是两部剧都体现了一个父亲的伟大。 而一个父亲最终目的都是为了自己孩子，为了让这些权势滔天的人得到法律的制裁，自己的孩子得以健康快乐的成长！ 强烈推荐大家去看❤️❤️\r\n');
INSERT INTO `影评表` VALUES ('20211006', '211607146', '2021-12-22 11:04:47', '《反贪风暴》系列可以说是成了不少影迷心中每出必看的存在。狠辣冷血穷凶极恶的罪犯、扑朔迷离难以捉摸的真相、对抗邪恶伸张正义的热血剧情、拳拳到肉血脉偾张的激战场面……正是这些必不可少的港片元素让《反贪风暴》系列每一部作品都看点十足。尽管观众都知道陆志廉和廉政公署到最后总能迎来一个惩恶扬善的结局，但依然会对剧情的每一次反转都充满期待。现在5已经即将上映，燃情期待了！此次不仅迎来古天乐、张智霖、郑嘉颖、张继聪、谢天华等原班人马回归，还邀请了萱萱、黄宗泽等实力演员加盟，可以说是该系列最豪华的演员阵容。一定爆炸！\r\n');
INSERT INTO `影评表` VALUES ('20211010', '211607150', '2021-12-30 11:13:30', '用“结巴”（以及其他听说障碍之类）来写小人物失语的太多了，出彩的反而是写女主的戏，那些职场女性的细节只有女导演能拍出来，有几幕简直《托尼厄德曼》！以及用“换衣服、脱鞋”来做对照关系——“文明”就是一层外衣，内里指不定是谁卑鄙又滑稽，这点也好像《托尼厄德曼》。虽然有“铁路”的设定和随处可见的欧盟旗，但是这个片并没有很强的地缘色彩，其中公众对道德事件的消费、公关的话术、媒体的包装等等，完全是当下任何地域都成立的。\r\n');
INSERT INTO `影评表` VALUES ('20211010', '211607155', '2022-01-03 11:14:54', '开放式结局给人无限遐想，揭露了人性的黑暗，看完比较压抑，很真实的一部剧情片\r\n');
INSERT INTO `影评表` VALUES ('20211013', '211607166', '2022-01-07 11:21:14', '这个针不戳一定看\r\n');
INSERT INTO `影评表` VALUES ('20211008', '211607167', '2022-01-07 11:07:49', '六年来引进的第一部韩国电影，希望是一次新的破冰之旅。看过《困在时间里的父亲》，再看《哦！文姬》，虽然都是讲述患阿尔兹海默症的老人的故事，但视角、剧情以及叙事风格完全不同。 区别于前作以患者角度让观众走进一个惊悚而病态的颅内空间，本片则将母子的亲情，包裹入一起肇事逃逸悬案之中。一个身患阿尔兹海默症的老奶奶，凭借一点点的记忆拼凑，来寻找真凶，这本身就是一个几乎不可能完成的任务，但母子之间的关系的渐渐和解则显得真实动人。 有句话所 说：“遗忘的是时光，爱却一直在”，每位患阿尔兹海默症的老人，内心也都有一份永远忘不掉的过往或执念吧。韩国的国民奶奶吴文姬演片中的罗文姬，真的有演员和角色合二为一的融洽与自然，这是表演的炉火纯青吧。 不过总得来说，这并非一部完美的作品，个别场景还是会让人出戏，有些桥段也有夸张，比如文姬奶奶把坏人举到脚离地然后摔下，比如文姬奶奶开起来挖掘机，虽然戏剧效果爆棚，但真实性实在值得商榷。\r\n');
INSERT INTO `影评表` VALUES ('20211011', '211607168', '2022-01-02 11:17:45', '好像最近爱情题材的电影不是特别的多，看之前期望挺大的其实，感觉不会太优秀，但是看过以后觉得还是很不错的。语言类型是上海话但没有抵触或排斥，整体观看的时候里面有很多点能很有代入感，全程最燃的笑点是三个女人同时出现的时候，然后里面有一句话我记得特别清楚“一个男人是好人，是没有女人会跟他在一起的” 这句话特别的照亮我们现在人的爱情，现在的爱情全牵连到现实，没有老一辈人的爱情要纯真。还是很推荐大家去观看这部影片的 7分拿走不谢！\r\n');
INSERT INTO `影评表` VALUES ('20211008', '211607173', '2022-01-14 11:11:44', '《哦！文姬》看到了不一样的韩式阿尔茨海默病的悬疑故事，虽然悬疑部分不高明，但是起到了很好的帮衬作用，既能表现主人公的病症、给家庭带来的负担，又能准确挖掘到这个家庭不幸背后的大爱。疾病不能战胜，但是家人的爱可以化解病痛带来的一系列伤害，韩国电影回归内地，再一次丰富了视野，好事儿。7.7\r\n');
INSERT INTO `影评表` VALUES ('20211004', '211607174', '2021-12-18 11:02:31', '《雄狮少年》最可贵的地方就是它不是一碗励志鸡汤，它是一杯呛人的二锅头，它有爽感，有酒精的刺激，但是这都是被痛苦所包裹的。它讲述的不是奇迹改变现实的故事，而是一个现实就是无法改变，但是不要放弃奇迹的故事。故事中的一个个小人物，他们就算赢得比赛也依然要去为生计发愁，依然摆脱不了固化的阶级，正因为此，那些在他们生命中发生的奇迹才越发的耀眼，导演和编剧根本就不想要创造一个逆袭神话，也知道自己无法解决现实的问题，他们知道这两个小时的电影对于观众来说不是鸡血，而是一计让人热血沸腾的安慰。奇迹是一瞬间的，现实才是永恒的，而奇迹也就像大楼缝隙中透露出来的光，即使就这么一点点，也可以照亮一个人的人生。我希望的是，《雄狮少年》可以票房突破10亿，20亿，甚至30亿上不封顶，希望更多人可以受到它的鼓舞和激励，也希望它可以让看完了影片的人可以想到那些在城市中天天挣着辛苦钱的人都是内心赤忱的少年，都是为了生活拼搏的雄狮。每一个努力生活的人都值得被尊重。最后，放几句我非常喜欢的本片片尾曲《无名之人》的歌词：“离家的人啊，我敬你一杯酒。敬你的沉默，和每一声怒吼。敬你弯着腰，上山往高处走。头顶苍穹，努力地生活。“\r\n');
INSERT INTO `影评表` VALUES ('20211001', '211607177', '2021-12-19 19:59:43', '“萤火虫的光为什么在灯下就看不到了?” “因为它们的光太弱了，只有在黑暗里才看得到。” 强权，贪婪，欲望像刺眼的太阳高高挂着，然而它们不似太阳，却放出腐蚀人心，击溃希望的浑浊之光。 而人世间的普通人如同黑森林里千千万万的萤火虫，它们渺小，平凡，普通到花一辈子发着微弱的光照亮身边同样普通的人。 我们的确太弱小了，像萤火虫一样，也就只有当黑暗笼罩全世界的时候才能让世界看见我们的存在。 可惜，白昼更多时候比黑夜漫长。\r\n');
INSERT INTO `影评表` VALUES ('20211014', '211607177', '2022-01-08 11:22:11', '一部好的影片，不论什么时候放映，都会让观众感动。《永不消逝的电波》就是这样一部电影。此次的修复上映，可以说是喜欢这部电影观众的福音，它让人们又有机会重新走进影院，去感受那一段共产党人为中华民族的解放事业所付出的伟大牺牲。故事源自真人真事，孙道临、袁霞、王新刚等众多演员都奉献了自己最精彩的表演，即使那些只有一场戏或几句台词的演员，也都是一丝不苟地完成了自己的演出，给我印象比较深的一场戏是白小姐进入孙大夫诊所那一段，各种精神病人的表现和陪伴家属的神情可以让你感受到他们的痛苦与无奈，虽然这个过场很短，又是作为背景表演，但每个人的表演都是认真的。从这一点就可以看出导演对电影质量的要求是很高的。电影中的很多画面可以说是完美的，像李俠在阁楼上发报的画面，虽然空间很小，但每个角度的呈现都可以说是“桌面屏保”级的。关于这部电影，再多的溢美之词都不为过，在此强烈推荐大家走进影院去观看这部电影，曾经看过这部电影的老观众，可以重新感受一下彩色片的魅力，重温每位演员的音容笑貌；没有看过此片的年轻观众，可以去了解那段惊心动魄的对敌斗争，可以去体味一下过去演员的精彩演技。最后希望这样的修复影片越来越多，期待着。\r\n');
INSERT INTO `影评表` VALUES ('20211008', '211607178', '2022-01-08 11:11:20', '很喜欢文姬奶奶，从《我叫金三顺》的鲶鱼女士，到《无法阻挡的high kick》中的大力士小卷头妈妈，剧中的每一个形象都给我留下了深刻的印象。有天突然看到有一部电影的名字以文姬命名，果然是我熟悉的文姬奶奶，看到她很亲切，感觉好像回到了童年。 不过看着随着时间流逝慢慢老去的文姬奶奶，难免有些鼻酸，我们真的长大了，优秀的演员们也渐渐老去了，哎\r\n');
INSERT INTO `影评表` VALUES ('20211011', '211607180', '2022-01-10 11:18:07', '已经约好了闺蜜圣诞节一起晚上去看这部电影，看完和最好的朋友流连在大都市的街头巷尾，和彼此干杯～\r\n');
INSERT INTO `影评表` VALUES ('20211001', '211607181', '2021-12-21 19:59:22', '观影前为了保留悬念，所以没有提前做功课，想当然地觉得误杀2应该和误杀1多少有些关系。看过才发现，误杀2无论是剧情还是角色都和误杀1毫无关系~在电影取名上面有蹭误杀1热度的嫌疑。同时，观影过程中我会不自觉地把误杀2与误杀1进行比较。作为资深悬疑电影影迷，误杀2中绝大多数情节都能提前猜到，在悬疑方面的设计上，没有惊艳到我，这一方面感觉和误杀1差距特别大。当然如果你不把他当成悬疑片来看的话，影片想表达主要是“爱你胜过爱自己生命“的父爱~我觉得片名可以叫做《是谁的心啊，我的》《灯光下发光的萤火虫》《爱能超越一切》等等，大家凑合着看吧，评分8.2分（误杀1评分9.8）以上评分均属个人行为，一切解释权归本人所有。\r\n');
INSERT INTO `影评表` VALUES ('20211016', '211607182', '2022-03-02 17:13:24', '成功，只比未成功多坚持了一次。今年春节档的唯一一部纯喜剧的合家欢贺岁电影，果然喜剧元素满满。电影不时就能让你爆笑，马丽加魏翔这个组合，首次携手亮相大荧幕，果然擦出了不一样的火花，不负期待。魏翔饰演的魏成功，也成功成为这部电影的灵魂人物，在平凡的岗位，依然坚持，散发自己的光芒，也是最励志的一点。“成功，只比未成功多坚持了一次。”这是电影片尾的一句话，也恰好说明了魏翔一路以来的不容易。影片片尾那段独白，也许是魏老师从演以来，最想说的感言吧，即使岁月不饶人，依然坚持自己的初心，总能会见到最好的成功的自己。电影的桥段，的确很好笑，但是，这个背后的演戏之路，更加让人感到坚持的不容易。魏翔老师，恭喜你，成功了，影片中的每一段表情的瞬间变化，真的太好了，出神入化。多年的摸爬打滚，就为这个角色而准备的，赞一个！\r\n');

-- ----------------------------
-- Table structure for 演员表
-- ----------------------------
DROP TABLE IF EXISTS `演员表`;
CREATE TABLE `演员表`  (
  `演员编号` varchar(10) CHARACTER SET utf8 COLLATE utf8_general_ci NOT NULL COMMENT '演员的ID',
  `演员姓名` varchar(20) CHARACTER SET utf8 COLLATE utf8_general_ci NOT NULL COMMENT '演员姓名',
  `演员简介` text CHARACTER SET utf8 COLLATE utf8_general_ci NULL COMMENT '关于该演员的介绍',
  PRIMARY KEY (`演员编号`) USING BTREE
) ENGINE = InnoDB CHARACTER SET = utf8 COLLATE = utf8_general_ci ROW_FORMAT = Dynamic;

-- ----------------------------
-- Records of 演员表
-- ----------------------------
INSERT INTO `演员表` VALUES ('202112001', '肖央', '肖央，导演、演员、编剧、歌手，组合筷子兄弟成员之一，2005年，毕业于北京电影学院美术系影视广告导演专业。2007年，他和好友王太利以“筷子兄弟”的名义，创作了红遍网络赢得百万点击量的MV《男艺伎回忆录》，一炮而红。2010年10月28日，自导自演的《11度青春系列电影之老男孩》在优酷网首播。2011年4月21日，导演并出演的网络电影《赢家》在网络上线；12月21日，出演的贺岁网络音乐电影《父亲》首映。2014年5月，推出歌曲《小苹果》；7月10日，执导电影《老男孩之猛龙过江》上映，并凭借该片获得第17届上海国际电影节电影频道传媒大奖最佳新人导演奖。2015年12月31日，参演的喜剧电影《唐人街探案》上映。2016年，参演的电影《超级快递》上映；12月30日，主演的爱情喜剧电影《情圣》上映。2018年2月16日，参演的电影《唐人街探案2》上映；12月21日，自导自编并主演的奇幻喜剧电影《天气预爆》上映。其他作品有《误杀》《美好2012之逆袭》《刷新3+7》《我的岳父会武术》等。');
INSERT INTO `演员表` VALUES ('202112002', '任达华', '任达华，香港电影演员。1970年代中以模特儿身份入演艺圈，无线电视艺员训练班毕业后，签约为基本演员，初任配角，其后逐渐走红，并于1979年签约为缤缤电影公司为基本演员。任达华是1987年开始接拍电影，多数演黑帮大佬，亦有少部分演警察。纵横影圈30年的任达华，凭电影《PTU》首夺2004年第九届金紫荆奖“最佳男主角”，打破与奖无缘的宿命。第29届香港电影金像奖于2010年4月18日晚颁奖，任达华凭借《岁月神偷》最终夺得影帝头衔。');
INSERT INTO `演员表` VALUES ('202112003', '文咏珊', '文咏珊（JaniceMan），香港第一代嫩模，1988年12月29日出生，14岁被模特公司发觉步入模特界，凭著精致的五官及日本娃娃俏脸，参与多个广告及音乐录影带拍摄。08年样貌突变，狂戴有色隐形眼镜及画浓妆兼走日本风格路线，模仿日美混血儿青木迪文后一炮而红，成新一代少男心中超级靓模。被称“口靓界女神”。2009年签入黎明的百仕活经济公司，并在其09年演唱会上初试啼音且大获好评，被黎明誉为“模art”，之后演艺事业步入正轨，开始在多部电影中担当女主角，并开始走高端路线，担当日本高档百货公司代言等。');
INSERT INTO `演员表` VALUES ('202112004', '尹正', '尹正，1986年12月30日出生，毕业于星海音乐学院流行音乐系2006级本科，中国内地男演员。 2011年，参演了中文版音乐剧《妈妈咪呀》。2012年，参演话剧《鹿鼎记》。2013年，在古装喜剧《 龙门镖局》中饰演“山鸡”一角，正式进入演艺圈。2014年，参演的奇幻惊悚题材好莱坞电影《 绝命航班》上映。2015年，主演校园励志电视剧《 红色青橄榄》，首次担任男主角；同年，主演喜剧电影《 夏洛特烦恼》；并主演悬爱侦探剧《 他来了，请闭眼》，凭借该剧获得第19届华鼎奖“最佳新锐演员”的称号。 2016年，主演民国谍战剧《 麻雀》，凭借苏三省一角色获得国剧盛典观众最喜爱的角色演员的荣誉。2017年，主演魔幻爱情喜剧《 大话西游之爱你一万年》；同年，主演悬疑动作片《 大侦探霍桑》。2018年，主演电视剧《 原生之罪》饰演陆离。');
INSERT INTO `演员表` VALUES ('202112005', '邓家佳', '邓家佳，毕业于中国传媒大学表演系。2002年出演个人首部电视剧《侠客行》，开启演艺生涯。2008年因出演电影《十全九美》而成名，2011年因在电视剧《爱情公寓》系列中饰演“唐悠悠”一角而被大众熟知。2013年凭借电影《全民目击》获得中国电影金鸡奖以及百花奖“最佳女配角奖”。2017年主演犯罪悬疑网剧《无证之罪》饰演“朱慧如”一角广受好评，获得国剧盛典“青春飞跃演员奖”。之后，主演古装正剧《大明皇妃孙若微传》饰演“胡皇后”一角。');
INSERT INTO `演员表` VALUES ('202112006', '喻恩泰', '喻恩泰，1977年11月3日出生于江西南昌，中国大陆影视演员，主持人。1995年至1999年， 就读于 上海戏剧学院电视艺术系，获得学士学位。2000年至2005年， 就读于 上海戏剧学院表演系，获得硕士学位。2006年因在《 武林外传》中饰演 吕秀才而为观众所熟知。2009年7月获得 中央戏剧学院表演、导演艺术研究博士学位。2012年凭借电影《 做次有钱人》获得第4届澳门国际电影节最佳男主角奖。2013年主演电影《 李可乐寻人记》。2013年主演电视剧《 大秦帝国之纵横》饰演张仪。2015年3月8日，与女主播 史林子在京举行婚礼。同年8月26日，喻恩泰晒娃宣布当爹。2016年出演电影《 火锅英雄》中王平川，因外形大变获得观众认可。2017年，出演都市剧《 新围城》。2018年出演电影《 余生请多指教》。2018年12月，主演电视剧《 孤城闭》，饰演晏殊。');
INSERT INTO `演员表` VALUES ('202112007', '杨皓宇', '杨皓宇，毕业于上海戏剧学院97级表演系本科，北京拾捌文化经纪有限公司签约艺人。2001年，搭档陆毅、任泉主演吴天戈执导的青春偶像剧《花样的年华》。2004年，在导演史凤和执导的警匪侦探剧《夜雨霏霏》。2006年，搭档李子雄，侣箫主演爱情悬疑剧《二路电车》。2008年，出演导演尚敬执导的情景喜剧《都市六人行》。2011年，凭借话剧《资本论》、《秀才与刽子手》 在第十五届上海佐临话剧艺术奖上获得最佳男配角；凭借 《我爱桃花》获得第21届上海白玉兰戏剧表演艺术奖最佳男配角。2012年，与袁咏仪、郭京飞、钱芳共同主演古装职场喜剧《龙门镖局》。2014年4月，与包贝尔、魏千翔、海陆共同出演何念经典舞台剧《鹿鼎记》。');
INSERT INTO `演员表` VALUES ('202112008', '毛晓彤', '毛晓彤，1988年2月16日出生于天津，中国内地影视女演员，毕业于中央戏剧学院。 2010年，毛晓彤凭借古装悬疑动作剧《 女神捕》而步入演艺之路。2012年，因出演古装清宫剧《 甄嬛传》开始崭露头角；随后凭借古装武侠剧《 天涯明月刀》入围第三届乐视影视盛典电视剧最佳新人奖。2013年，因出演武侠剧《 天龙八部》被观众熟知；2014年，主演年代传奇剧《 刀客家族的女人》及古装武侠剧《 神雕侠侣》。2015年，出演古装宫廷传奇剧《 大汉情缘之云中歌》。2016年，凭借都市爱情偶像剧《 微微一笑很倾城》及古装戏《 锦绣未央》获得广泛关注；随后还获得国剧盛典荧幕魅力演员奖；同年，获中国道路交通安全协会授予“道路交通安全形象大使”称号。2017年，主演青春派系列第三部曲《 谁的青春不叛逆》。2018年，参演电视剧《 盗墓笔记重启之极海听雷》。2019年，主演都市情感剧《 三十而已》。');
INSERT INTO `演员表` VALUES ('202112009', '杨玏', '杨玏，中国内地男演员,毕业于美国杜克大学08级戏剧系。2010年在冯小刚导演的电影《唐山大地震》,《非诚勿扰2》中担任副导演。2013年参演电视剧《我们的生活比蜜甜》,《锦绣缘华丽冒险》,初露锋芒。2014年在热播剧《大丈夫》中凭借“赵康”一角获得更高人气,随后在国内第一部长网剧《匆匆那年》中饰演男主角“陈寻”,关注度持续走高。2015年主演了电视剧《大丈夫》原班人马联手打造的姊妹篇《小丈夫》,并在热门青春IP剧《致青春》中饰演男主角“陈孝正”。');
INSERT INTO `演员表` VALUES ('202112010', '李昕', '李昕，中国内地男配音演员。 代表作电视剧：《传闻中的陈芊芊》韩烁、《陈情令》温宁、《鬓边不是海棠红》小周子、《三嫁惹君心》龙跃 游戏：《食物语》樱桃毕罗 广播剧：《职业替身》晏明修');
INSERT INTO `演员表` VALUES ('202112011', '李盟', '配音演员');
INSERT INTO `演员表` VALUES ('202112012', '李佳思', '李佳思，中国内地配音演员。代表作：电影《雄狮少年》配音阿珍影视剧《延禧攻略》刘姑姑、《东宫》高如意、《伟大的转折》贺子珍、《忘记你记得爱情》陈金枝、《我的山河我的血》满玉兰、《暮白首》紫烟、《河神2》崔夫人、《穿盔甲的少女》程敏莉等动画《名侦探柯南 零的执行人》岩井纱世子等游戏《龙族幻想》酒德麻衣等多人有声剧《麦小米的100个烦恼》筱可艾、《北斗》凌遥等');
INSERT INTO `演员表` VALUES ('202112013', '陈业雄', '陈业雄，大雄，本名陈业雄，硬核喜剧厂牌深圳地区负责人、签约脱口秀演员、喜剧编剧；曾担任优酷《周六夜现场》等综艺编剧；2020年，大雄单口喜剧专场《异乡人》在全国巡演；2021年，参加《心动的信号4》、《脱口秀大会4》；现实题材喜剧动画电影《雄狮少年》配音阿猫。');
INSERT INTO `演员表` VALUES ('202112014', '雷佳音', '雷佳音，毕业于上海戏剧学院表演系。2010年因出演电视剧《杜拉拉升职记》而受到关注。随后出演一系列热门影视剧。电视剧代表作有《回家的诱惑》《和空姐在一起的日子》《白鹿原》等。电影代表作有《黄金大劫案》《高考1977》等。凭借《黄金大劫案》获得第11届中国长春电影节最佳男主角奖。');
INSERT INTO `演员表` VALUES ('202112015', '李现', '李现，曾用名李晛，1991年10月19日出生于湖北省 咸宁市，成长于 湖北省荆州市，中国内地影视男演员，毕业于 北京电影学院表演系2010级。 2011年，出演个人首部电影《 万箭穿心》，从而正式进入演艺圈。2012年，主演青春爱情电影《 初恋未满》。2013年，出演绿色环保爱情喜剧电影《玩命试爱》。2014年，出演国内首部原创都市奇幻单元《 奇妙世纪》中第二集“最长的25米”。2015年，在青春校园网络剧《 睡在我上铺的兄弟》中饰演 谢训。2016年，其主演的青春爱情电影《 睡在我上铺的兄弟》上映；同年，在悬疑刑侦网络剧《 法医秦明》中饰演 林涛。2017年，首挑大梁，在网络剧《 河神》中饰演男主角 郭得友；同年，获得网易年度有态度大赏年度最有态度人气演员奖。2018年，其主演的年代情感剧《 翩翩冷少俏佳人》、都市情感剧《 南方有乔木》相继播出；同年，在青春爱情剧《 亲爱的，热爱的》中饰演男主角 韩商言。2019年，出演剧情电影《 中国机长》；9月6日，获得 智族GQ Men Of The Year年度人物盛典年度人气演员奖。10月17日，入选 2019福布斯中国30岁以下精英榜。2019年11月，凭借电视剧《 亲爱的，热爱的》获得第26届华鼎奖中国百强电视剧满意度调查颁奖盛典中国百强电视剧最佳新锐演员提名；12月，主演电视剧《 剑王朝》在爱奇艺上线。2020年8月27日，李现名列《 2020福布斯中国名人榜》第19位。李现在2020年12月20日举办的 腾讯视频星光大赏中被评为“年度品质艺人”。');
INSERT INTO `演员表` VALUES ('202112016', '辛芷蕾', '辛芷蕾，演员、歌手，毕业于中央戏剧学院。2011年，出演个人首部电视剧《画皮》进入娱乐圈。2012年，出演电影《诡爱》。2014年2月28日，参演轻喜剧《懂小姐》；4月4日，与闫妮、张博搭档出演大型谍战剧《王大花的革命生涯》；10月，拍摄丁黑导演的电视剧《拥抱星星的月亮》。2015年12月24日，主演的喜剧电影《不可思异》上映。2017年7月19日，出演的电影《绣春刀·修罗战场》上映。2018年1月12日，参演的都市爱情剧《恋爱先生》播出；3月14日，主演的都市情感剧《幸福巧克力》播出；8月20日，主演的电视剧《如懿传》播出；9月3日，参演的电视剧《斗破苍穹》上星播出。2019年1月21日，主演的悬疑系列网剧《鬼吹灯之怒晴湘西》播出；6月13日，主演的电视剧《带着爸爸去留学》播出。其他作品有《丑女无敌》《枪声背后》《情定大饭店》等。');
INSERT INTO `演员表` VALUES ('202112017', '葛优', '葛优，1957年4月19日出生于 北京，中国内地男演员， 国家一级演员。1979年考入 中华全国总工会文工团。1985年，出演个人首部电影《 盛夏和她的未婚夫》，从而正式出道。1992年，因在电视剧《 编辑部的故事》中饰演李冬宝一角获得第10届 中国电视金鹰奖最佳男主角。1993年，凭借电影《 大撒把》获得第13届 中国电影金鸡奖最佳男主角。1994年，凭借电影《 活着》获得第47届 戛纳国际电影节最佳男演员奖，成为首位获此奖项的华人演员。1997年，在 冯小刚执导的贺岁片《 甲方乙方》中饰演姚远一角。1998年、2002年、2004年三度获得 大众电影百花奖最佳男主角奖。2006年，主演电影《 夜宴》。2008年，在 冯小刚执导的电影《 非诚勿扰》中饰演 秦奋。2011年8月，凭借《 赵氏孤儿》获得第14届 中国电影华表奖最佳男演员奖，12月签约 英皇娱乐。2013年12月19日，葛优主演的贺岁喜剧电影《 私人定制》在全国上映。2016年12月16日，主演的剧情片《 罗曼蒂克消亡史》上映。2019年2月4日，首次登上央视春晚的舞台，表演小品《 “儿子”来了》；11月29日，主演的电影《两只老虎》上映。');
INSERT INTO `演员表` VALUES ('202112018', '郭涛', '郭涛，演员、配音，毕业于中央戏剧学院表演系本科。1991年，出演个人首部电影作品《苦乐三兄弟》踏入演艺圈。1994年，主演剧情片《活着》；同年，主演由冯小刚执导的电影处女作《永失我爱》。1997年，主演爱情片《爱情麻辣烫》。2004年，凭借话剧《死无葬身之地》中的表演获得文化部优秀表演奖。2006年，因出演剧情片《疯狂的石头》中包世宏一角而被观众所熟知；同年，参加湖南卫视节目《名声大震》获得亚军。2007年，相继出演了喜剧片《落叶归根》和爱情片《婚礼2008》。2009年，主演了喜剧片《高兴》。2011年，主演了惊悚喜剧片《囧探佳人》；同年，主演红色谍战剧《弹孔》。2012年，凭借喜剧冒险片《黄金大劫案》获得第11届中国长春电影节最佳男配角。2013年，与儿子石头参加湖南卫视真人秀节目《爸爸去哪儿 第一季》受到关注；同年，主演爱情动作片《盲探》。2015年，凭借犯罪片《烈日灼心》中杨自道一角获得第18届上海电影节最佳男主角；同年，主演由孔笙执导的现实题材剧《温州两家人》。2016年2月5日，其主演的都市情感剧《还是夫妻》播出。2017年7月1日，参演的电影《明月几时有》全国上映；12月3日，加盟的CCTV-3节目《国家宝藏 第一季》播出。2018年9月3日，主演的都市爱情剧《爱情筑梦师》上星播出；12月14日，主演的都市剧《江河水》播出。2019年7月31日，参演的电视剧《加油，你是最棒的》播出。2020年2月21日，主演的电视剧《安家》播出。其他影视作品有《白鹿原》《百万巨鳄》《父母爱情》《我不是潘金莲》《对与决》等；参与的节目还有《喜剧总动员 第二季》《极限挑战 第三季》《跨界歌王 第一季》等。');
INSERT INTO `演员表` VALUES ('202112019', '古天乐', '古天乐，1970年10月21日出生于中国香港，中国香港男演员、歌手。香港演艺人协会会长。 1993年，古天乐签约TVB进入娱乐圈。1995年，在武侠剧《 神雕侠侣》中首次担任男主角，饰演亦正亦邪的杨过而成名。1999年，凭借刑侦剧《 刑事侦缉档案4》获得TVB 万千星辉颁奖典礼最喜爱男主角奖。2000年，凭借在家族剧《 创世纪》中的反派张自力夺得TVB万千星辉颁奖典礼我最喜爱电视角色奖。2001年，凭借古装穿越剧《 寻秦记》第2次获得TVB 万千星辉颁奖典礼我最喜爱男主角奖。 2001年，古天乐离巢TVB正式进入电影圈。2007年，凭借剧情片《 门徒》提名第44届台湾金马奖和第27届 香港金像奖最佳男配角奖。2009年，凭借传记电影《 一个好爸爸》提名第45届金马奖和第28届 金像奖最佳男主角提名。2013年，凭借警匪片《 扫毒》苏建秋一角再次提名第33届香港电影金像奖最佳男主角奖。2015年担任 香港国际电影节大使。2014年创立“天下一ONE COOL”公司，投资《 五个小孩的校长》、《 迷城》等电影。2017年，主演动作片《 杀破狼·贪狼》，夺得 亚洲电影大奖、第37届 香港电影金像奖和香港电影导演协会最佳男主角奖。2018年，荣获第16届世界杰出华人奖。2019年，凭借主演的动作片《 犯罪现场》提名香港电影金像奖最佳男主角。 演艺事业外，热衷慈善公益，古天乐于2009年成立“古天乐慈善基金会”，截止至2018年底，古天乐以“古天乐慈善基金”的名义先后在贵州等山区捐建100多所学校');
INSERT INTO `演员表` VALUES ('202112020', '张智霖', '张智霖，香港著名演员、歌手，1991年，发行个人首张专辑《现代爱情故事》，以歌手身份出道，并凭此获得第10届十大劲歌金曲最受欢迎新人奖铜奖 。1996年，参演TVB剧集《天地男儿》和《射雕英雄传》，人气急升。后又在内地和台湾先后拍摄了《白发魔女传》《飞刀，又见飞刀》《草民县令》等影视剧。2001年2月8日，与袁咏仪在美国登记结婚。2004年，开始将工作重心转向内地，并凭借主演的古装武侠剧《逆水寒》受到更多关注。2006年，出演古装武侠剧《陆小凤传奇》，凭此系列电影中的陆小凤一角获得第七届百合奖观众最喜欢的十佳男演员及第九届电影频道数字电影百合奖电视电影十年系列片观众最喜爱男演员奖；11月12日，儿子张慕童出生。2009年，回归歌坛，并发行粤语专辑《I Am Chilam》，其中歌曲《你太善良》获得新城劲爆卡拉ok歌曲奖。2011年，在香港连续举办两场\"我系外星人”演唱会。2012年，歌曲《恋上外星人》获得第34届十大中文金曲奖。2013年，更凭借《冲上云霄Ⅱ》中的“Cool魔”顾夏阳一角而再度爆红，因而人气急升，并夺得万千星辉颁奖典礼获得全民选出的最受欢迎电视男角色。2015年，参加综艺节目《一路上有你》；同年，凭借主演爱情电影《十月初五的月光》获得金票根圆梦盛典演绎传神奖和浪漫爱情奖。2016年3月，荣获首届金羊奖澳门国际电影节港澳台地区杰出贡献奖艺人奖；9月14日，主演动作悬疑电影《反贪风暴2》，并饰演一位不修边幅的痞子警察。2017年4月，其参演的青春偶像剧《求婚大作战》播出；7月6日，其主演的电影《京城81号2》上映。2018年6月15日，参演的电影《泄密者》在中国上映。其他作品有《龙门镖局之为2归来》《白狐》《西关大少》《谈判专家》《鱼跃在花见》《冲上云霄》《反贪风暴2》等；参与的节目有《一路上有你 第二季》《来吧冠军 第一季》等。');
INSERT INTO `演员表` VALUES ('202112021', '马丽', '马丽，演员、配音，毕业于中央戏剧学院表演系。2004年，毕业于北京大学林兆华戏剧研修班。2005年，加入开心麻花团队，成为开心麻花系列舞台剧主演之一，被称为“千场话剧女皇”。2006年，参演话剧《建筑大师》。2009年，主演舞台剧《江湖学院》。2010年，参演喜剧电影《决战刹马镇》；同年，与何炅合作小品《超幸福鞋垫》，之后成功推出“超幸福”系列小品。2012年，出演家庭情感剧《AA制生活》。2013年，首次参加央视蛇年春晚，与沈腾合作小品《今天的幸福2》，并饰演马冬梅。2014年，被冯小刚邀请参加春节联欢会，和沈腾搭档表演小品《扶不扶》。2015年2月17日，参加春节联欢晚会并表演小品《投其所好》；9月30日，主演的青春爱情喜剧电影《夏洛特烦恼》上映；12月31日，其主演的喜剧电影《一念天堂》上映。2016年10月20日，获得2016网易时尚跨界盛典年度最具风格女演员大奖。2017年2月，与贾乃亮主演电影《东北往事之破马张飞》上映；6月，其加盟的明星旅行体验类真人秀节目《旅途的花样 2017》播出；7月14日，主演的电影《喵星人》上映；9月30日，主演的喜剧电影《羞羞的铁拳》上映。2018年1月5日，主持的喜剧综艺《今夜现场秀 第一季》播出。2019年2月12日，主演的电视剧《逆流而上的你》播出；8月16日，参演的电影《龙牌之谜》上映。其他影视作品有《战金岭》《杨光的夏天》《情况不妙》《冰川时代5:星际碰撞》等；参与的综艺节目有《喜剧合伙人 2017》《蒙面唱将猜猜猜 第二季》《大片起来嗨 第一季》《王牌对王牌 第二季》等。');
INSERT INTO `演员表` VALUES ('202112022', '常远', '常远，相声表演艺术家常宝华长孙，毕业于北京电影学院。开心麻花签约演员，常氏相声的第四代传人。自幼随爷爷学习相声，并长期参加各种演出，担任过主持人、相声、小品演员等。后又涉足影视剧和话剧，在《家》《雷雨》《离婚指南》《一半是火焰一半是海水》《尘埃落定》《穆斯林葬礼》《复活》等多部话剧里都留下了精彩表现。2009年首次出演开心麻花舞台剧《书桌里的铜锣湾》，之后主演多部开心麻花爆笑舞台剧。2016年5月，其主演的电影《谎言大爆炸》在中国大陆上映。');
INSERT INTO `演员表` VALUES ('202112023', '罗文姬', '罗文姬（나문희），1941年11月30日出生于中国北京，毕业于首尔昌德女子高中，韩国女演员，韩国配音演员协会名誉会员。 1961年，以MBC RADIO第一期选拔出道。1996年，主演连续剧《 世上最美丽的离别》。2005年，凭借动作片《 哭泣的拳头》获得第42届 大钟奖最佳女配角奖。2006年7月，凭借爱情家庭剧《 你是我的命运》获得 第43届韩国电影大钟奖最佳女配角奖提名。11月，凭借影片《 热血男儿》获得韩国第4届最高电影颁奖礼最高女配角奖和第28届韩国 青龙电影奖最佳女配角奖。2007年，在喜剧片《 权顺芬女士绑架事件》中首次担任主演。2010年，获得MBC演技大奖电视部门功劳奖。2013年，出演奇幻片《 奇怪的她》。2017年主演电影《我能说》，并凭借该片获得第38届韩国电影青龙奖最优秀女演员奖。2018年5月3日，获得韩国百想艺术大赏最佳女演员奖。');
INSERT INTO `演员表` VALUES ('202112024', '李熙俊', '李熙俊（이희준），1979年6月29日出生于韩国，韩国演员。2007年3月，出演 MBC电视剧《 顺其自然》正式出道；2012年2月，出演KBS周末剧《 顺藤而上的你》，因饰演千在勇一角获得观众的喜爱；凭借该剧获得“第49届韩国百想艺术大赏男子新人奖”；同年11月，出演KBS电视剧《 田禹治》；2014年，出演JTBC电视剧《 宥娜的街》；2016年8月，主演电影《 最坏的一天》；同年11月，出演SBS电视剧《 蓝色大海的传说》，在剧中饰演赵南斗。2021年3月3日，主演的电视剧《 窥探》定档在tvN播出，在剧中饰演高武治。4月12日，凭借《 Mouse》获第57届韩国百想艺术大赏TV部门男子配角奖提名。4月28日，参演的电视剧《窥探：掠食者》定档在韩国播出。');
INSERT INTO `演员表` VALUES ('202112025', '李珍珠', '演员');
INSERT INTO `演员表` VALUES ('202112026', '张涵予', '张涵予，配音演员出身的张涵予曾为《指环王》、《特洛伊》等大片配过音，而近年也不断“触电”，在《贻笑大方》、《贫嘴张大民的幸福生活》、《梦开始的地方》等电视剧中，张涵予游走在各类角色中，给观众留下深刻印象。虽然是干配音起家，可从严格意义上说，张涵予不算真正的配音演员，因为他的专业是在中戏学的表演，干上配音工作...');
INSERT INTO `演员表` VALUES ('202112027', '欧豪', '欧豪（Oho Ou） ，1992年10月13日出生于福建省福州市平潭县，中国内地流行乐男歌手、影视演员。 2013年，参加湖南卫视选秀娱乐节目《快乐男声》的比赛，最终获得全国总决赛亚军，从而正式出道，比赛期间他还被时尚杂志《红秀GRAZIA》评为“最型男生”冠军。2014年，获得第14届音乐风云榜颁奖盛典最受欢迎新人奖；同年，出演个人首部电视剧《唱·战记》、爱情喜剧电影《临时同居》。2015年，其主演的青春爱情电影《左耳》取得了4.85亿元的票房成绩，并凭借该片获得第16届华语电影传媒大奖最受瞩目男演员奖；同年，推出首张个人EP专辑《On His Own》。2016年，获得酷音乐亚洲盛典最佳全能艺人奖、最佳流行歌手奖；亚洲金曲大赏最受欢迎全能艺人奖；同年，他又相继主演了青春犯罪电影《少年》、青春爱情电影《在世界中心呼唤爱》。2017年，其主演的青春动作电影《青禾男高》、古装奇幻电影《悟空传》、革命历史电影《建军大业》、古装奇幻悬疑电影《妖猫传》相继上映。2019年，主演的都市情感励志剧《山月不知心底事》播出，剧情灾难电影《烈火英雄》、动作犯罪电影《铤而走险》、剧情传记电影《中国机长》、历史剧情电影《我和我的祖国》之《前夜》相继上映。2020年，主演的民国传奇剧《民初奇人传》播出；同年，其主演的战争题材影片《八佰》上映。');
INSERT INTO `演员表` VALUES ('202112028', '杜江', '杜江，毕业于上海戏剧学院表演系。2007年出演个人首部电视剧《钻石王老五的艰难爱情》，从而正式进入演艺圈。2009年出演个人首部电影《白银帝国》。后相继出演《谍影柔情》《上海日记》《幸福从天而降》等多部影片。2012年出演都市商战剧《青瓷》和家庭伦理剧《老米家的婚事》。电视剧代表作有《草帽警察》《青年医生》《再见，老婆大人》等。电影代表作有《高跟鞋先生》《罗曼蒂克消亡史》《红海行动》等。2017年与儿子杜宇麒作为固定嘉宾，参加芒果TV亲子户外真人秀节目《爸爸去哪儿第五季》的录制。');
INSERT INTO `演员表` VALUES ('202112029', '袁泉', '袁泉，中国女演员、歌手，毕业于中央戏剧学院表演系。1999年，参演个人首部电影《春天的狂想》，凭借饰演的周小玫一角获得第19届中国电影金鸡奖最佳女配角奖。2002年，成为北京市朝阳区志愿者协会注册会员。2003年，凭借电影《美丽的大脚》获得第26届大众电影百花奖最佳女配角奖以及第9届中国电影表演学会奖金凤凰奖。2004年，在电视剧《小鱼儿与花无缺》中饰演苏樱一角。2005年，出演多媒体音乐话剧《琥珀》。2006年6月，主演的话剧《电影之歌》举行全国巡演；11月，在话剧《暗恋桃花源》中饰演温柔婉约的云之凡，并演唱主题曲《暗恋》。2007年，发行个人首张专辑《孤独的花朵》；同年，入选“中国话剧百年名人堂”。2008年，当选上海国际电影节十大环保明星。2009年8月28日，和演员夏雨登记结婚。2010年3月31日，其在北京产下一名女婴；同年，获得第7届中国话剧金狮奖表演奖。2012年，在电影《大上海》中饰演叶知秋一角。2013年，凭借话剧《简爱》获得梅花奖；同年，参演电影《扫毒》。2014年，出演电影《后会无期》。2016年4月，参演赵薇导演作品《没有别的爱》；8月18日，参演的动作电影《危城》上映；12月16日，参演的电影《罗曼蒂克消亡史》上映。2017年7月，主演的电视剧《我的前半生》播出；10月26日，主演的交通救捞题材剧《碧海雄心》播出。2018年1月1日，获得2017安徽卫视国剧盛典年度魅力风云剧星。2019年9月30日，主演的电影《中国机长》在中国上映。2020年1月25日，主演的电影《囧妈》上线网络播出。其他作品有《黄金时代》《锋刃》《心花路放》等。');
INSERT INTO `演员表` VALUES ('202112030', '李沁', '李沁，1990年9月27日出生于江苏省苏州市昆山市巴城镇，中国内地影视女演员。 2008年，李沁因在古装剧《 红楼梦》中饰演少年 薛宝钗而被观众熟知。2010年，凭借在建党九十周年献礼片《 建党伟业》中饰演 杨开慧获得 第31届大众电影百花奖最佳新人奖提名。2013年，主演的现代剧《 守望的天空》获得了 中美电影节优秀中国电视剧金天使奖；而其主演的都市剧《 璀璨人生》则获得了全国同时段电视剧收视冠军。 2014年，凭借电视剧《 花开半夏》、《 千金归来》获得 国剧盛典最具潜力女演员奖。2017年，因出演电视剧《 楚乔传》获得颇高关注。2018年，凭借年代剧《 白鹿原》入围 第24届上海电视节最佳女配角奖；同年，凭借建军九十周年献礼片《 建军大业》获得 第34届大众电影百花奖最佳女主角提名。2019年，主演的古装剧《 庆余年》播出。2020年，其主演的喜剧片《 温暖的抱抱》累计票房突破8亿元。');
INSERT INTO `演员表` VALUES ('202112031', '斯特凡·德诺利博夫', '斯特凡·德诺利博夫，Stefan Denolyubov is an actor, known for Urok (2014), Avariyno katzane (2010) and Skok (2012).');
INSERT INTO `演员表` VALUES ('202112032', '玛吉塔·戈施瓦', '玛吉塔·戈施瓦，Margita Gosheva is an actress, known for Urok (2014), Emigranti (2002) and Razsledvane (2006).');
INSERT INTO `演员表` VALUES ('202112033', '徐峥', '徐峥，演员、导演、编剧、监制，毕业于上海戏剧学院。1998年，出演话剧《股票的颜色》获得第10届白玉兰戏剧奖最佳男主角奖。2000年，参演《春光灿烂猪八戒》，饰演猪八戒。2002年，参演《李卫当官》饰演李卫。2003年，与女演员陶虹结婚。2006年，在电影《疯狂的石头》客串反派冯董。2007年，主演贺岁喜剧电影《爱情呼叫转移》。2008年12月30日，女儿徐小宝出世。2010年，主演电影《人在囧途》饰演李成功。2012年12月12日，主演的电影《人再囧途之泰囧》上映。2013年，在电影《摩登年代》中首次出任监制。2014年1月，主演的电影《无人区》入围第64届柏林国际电影节主竞赛单元影片；4月9日，在导演协会年度表彰大会中获得年度男演员奖；同年，主演的心理悬疑片《催眠大师》上映四天票房破亿，刷新国产悬疑电影的票房纪录；9月，与黄渤主演的电影《心花路放》票房突破11亿。2015年，自导自演的喜剧电影《港囧》票房突破16亿。2016年2月8日，监制的动画电影《年兽大作战》全国上映；同年，担任新电影《猪先生》的编剧；12月，其参与并主持的综艺《食在囧途 第一季》播出。2018年4月28日，主演的电影《幕后玩家》上映；7月6日，特别出演的电视剧《猎毒人》首播；9月8日，其担任常驻导师的演技竞演类综艺《我就是演员》播出；21日，出演的犯罪爱情片《江湖儿女》上映；11月17日，凭借《我不是药神》获得第55届台湾电影金马奖最佳男主角奖。2020年1月25日，主演的电影《囧妈》上线网络播出。其他作品有《宠爱》《记忆切割》《搞定岳父大人》等。');
INSERT INTO `演员表` VALUES ('202112034', '马伊琍', '马伊琍，毕业于上海戏剧学院1994级表演系本科班。1996年凭借电视剧《真空爱情记录》出道，2003年凭借古装剧《还珠格格第三部》而崭露头角，2007年因出演电视剧《奋斗》而获得广泛关注。2008年，凭借电影《江北好人》获得第9届中国长春电影节最佳女主角奖。2015年，主演的电视剧《北上广不相信眼泪》获得2015年国剧盛典年度十大影响力电视剧。2016年主演电视剧《中国式关系》，2017年，与文章共同主演谍战剧《剃刀边缘》，同年主演电视剧《我的前半生》。');
INSERT INTO `演员表` VALUES ('202112035', '吴越', '吴越，1995年毕业于上海戏剧学院，中国大陆女演员。1997年凭借电视剧《和平年代》获得第17届中国电视金鹰奖优秀女配角。2001年凭借电影《菊花茶》获得第8届北京大学生电影节最受欢迎女演员奖。2006年在《大院子女》中饰演乔建新。2007年凭借电影《夜·明》中的出色表演获上海国际电影节电影展最受瞩目新人奖并入围华表奖最佳女演员。2008年在电视剧《赶走你的忧郁》中饰演余可非。2010年凭借电影《前妻》获得第十届中国电视电影百合奖优秀女演员奖。2012年凭借电视剧《远远的爱》提名中国电视剧年度明星盛典优秀女演员。2013年参演电视剧《唐山大地震》，同年与范冰冰合作电影《画框里的女人》。');
INSERT INTO `演员表` VALUES ('202112036', '张盛尧', '暂无影人介绍');
INSERT INTO `演员表` VALUES ('202112037', '汐玥', '暂无影人介绍');
INSERT INTO `演员表` VALUES ('202112038', '高峰', '高峰，演员姓名：高峰 身高：182 体重：67公斤 毕业院校：解放军艺术学院 其他代表作： 电影《美丽的琪琪格》 饰：思潮 电影《我不是菜鸟》 饰：刑警老李 电视剧《一步登天》 饰：裘松岩 电视剧《卧底警花》 饰：厅长 等 获奖经历： 2011年第十一届大学生电影节电视电影最佳男主角提名 2018年中国微电影最佳男主角 等 百度链接：');
INSERT INTO `演员表` VALUES ('202112039', '周琳', '周琳，四川人，播音主持专业毕业，参演作品包括《古董局中局》、《你也见过墨菲斯托吗》、《半个喜剧》、《人生一串》等。2021年出演剧情电影《没有颜色的关系》。');
INSERT INTO `演员表` VALUES ('202112040', '金盛宇', '金盛宇，1979年2月9日出生于吉林省吉林市，中国内地男演员，毕业于 北京电影学院表演系2000级。2002年出演电视剧《 婀娜公主》，饰演蔡勇；之后相继出演《 亮剑-铁血军魂》，《 秀才遇到兵》、《 雪豹坚强岁月》、《 青盲》，电影《 黄羊滩押解》等。');
INSERT INTO `演员表` VALUES ('202112041', '孙道临', '孙道临，原名孙以亮，原籍浙江嘉善，1921年生于北京。中国著名电影表演艺术家、导演、朗诵艺术家。多次获国内外电影艺术大奖，出任加拿大蒙特利尔等国际电影节评委。历任中国电影家协会理事、顾问，上海华夏影业公司艺术总监。2007年12月28日上午8点59分，因心脏病突发，在上海华东医院逝世，享年86岁。孙道临幼年时代生活在一个知识家庭。1938年入燕京大学哲学系学习，曾参加燕京剧社的演出，在校期间曾演出过《雷雨》、《生死恋》等剧。1941年燕京大学关闭，孙道临失学，1943年加入中国旅行剧团，正式开始演员生涯。1943－1944年先后加入中国旅行剧团、国华剧社、南北剧社，演出过话剧《雷雨》、《日出》、《家》、《茶花女》等，并导演《青春》一剧，开始在舞台上崭露头角。1945年抗战胜利后复学，1947年燕京大学毕业，并加入北平艺术馆。翌年入清华影片公司，演出了黄宗江编剧的《大团圆》，孙道临仍扮演三弟，从此登上银幕。1949年，孙道临参加了上海远东影业公司《大雷雨》的拍摄，并在昆仑影业公司完成《乌鸦与麻雀》一片的拍摄。此片获文化部1949—1955年优秀影片评奖中获个人一等奖。后任上海电影制片厂演员、导演。是中国影协第四、五届理事。先后主演《渡江侦察记》、《家》、《不夜城》、《永不消逝的电波》、《早春二月》、《李四光》、《一盘没有下完的棋》等十余部影片，塑造了各种银幕形象。曾为《王子复仇记》、《白痴》等二十余部外国影片配音。解说的影片《鲁迅传》。1984年后孙道临自编自导影片《雷雨》、《非常大总统》，并在两片中分别饰演男主角。1992年执导了根据肖复兴小说改编的电影《继母》。2001年，80岁的他导演的电影《詹天佑》荣获中国电影“华表奖”最佳故事片奖及中宣部“五个一”工程奖。出版有诗歌散文集《走进阳光》、盒带《唐诗欣赏》等。');
INSERT INTO `演员表` VALUES ('202112042', '袁霞', '袁霞，1933年2月出生于山东省黄县，八一电影制片厂一级演员。1948年参加胶东文协文工团当演员，曾在《送郎参军》中饰妻子、《王秀鸾》中饰妇女主任。1950年随文工团编进空政文工团，在《英雄车地》、《反击》等剧目中饰演角色。1956年考入八一电影制片厂当演员。 三十多年来，她曾在故事片《激战前夜》中饰公安战士周洁，《永不消逝的电波》中饰女主角何兰芬并获南斯拉夫国际电影节最佳优秀女演员奖，《金铃传》中饰兰英嫂，《奇袭》中饰朴金玉，《带兵的人》中饰连长妻子，《苦菜花》中饰星梅，《县委书记》中饰妻子，《江山多娇》中饰岳仙嫂，《鄂尔多斯风暴》中饰阿达玛，《花枝俏》中饰母亲等。并在一些话剧和电视剧中饰演重要角色。现为中国电影家协会会员。');
INSERT INTO `演员表` VALUES ('202112043', '吴镇宇', '吴镇宇，中国香港男演员。1982年进入无线电视（TVB）艺员训练班就读。1987年，他参演无线剧集《生命之旅》扮一名叫杜朗贤的奸角成名。1997年，凭借电影《旺角揸Fit人》获得第3届香港电影评论学会奖最佳男演员奖。2000年凭借电影《枪火》获得第37届台湾电影金马奖最佳男主角奖；同年凭借电影《爆裂刑警》获得第6届香港电影评论学会奖最佳男演员奖。2001年凭借电影《公元2000》获得第20届香港电影金像奖最佳男配角奖以及第7届香港电影评论学会奖最佳男演员奖。2013年，吴镇宇重返荧屏的电视剧《冲上云霄2》在香港播出后成为香港年度收视冠军。2014年，主演的《京城81号》成为国产惊悚片票房冠军。2014年带着儿子参加湖南卫视真人秀《爸爸去哪儿》第二季。');
INSERT INTO `演员表` VALUES ('202112044', '黎姿', '黎姿，1971年10月1日出生于中国香港，祖籍广东，中国香港女演员、流行乐歌手。 1985年作为群众演员出演喜剧电影《 开心鬼放暑假》，随后签约新艺城，正式进入演艺圈。1986年主演体育励志电影《 飞跃羚羊》。1990年出演动作电影《 狱中龙》。1991年主演时装恩仇剧《 怒海孤鸿》，这是其出演的首部电视剧。1993年3月1日发行首张唱片《 如果真的恋爱》，该唱片获得了金唱片销量奖。1994年获得了十大中文金曲奖最佳新人奖银奖、TVB十大劲歌金曲最佳新人奖铜奖。1996年主演漫改黑帮电影《 古惑仔之人在江湖》，由此为观众所熟悉。1997年出演贺岁喜剧片《 97家有喜事》。1999年主演恐怖电影《 山村老尸》。2000年主演漫改黑帮电影《 胜者为王》。 2001年主演古装武侠剧《 倚天屠龙记》。2003年主演时装爱情剧《 黑夜彩虹》。2004年主演古装宫斗剧《 金枝欲孽》，凭借该剧获得了 万千星辉颁奖典礼我最喜爱的女主角奖。2005年主演民国情仇剧《 胭脂水粉》，凭借该剧获得了TVB周刊最强人气大奖十大最强人气电视角色奖。2006年因主演民国情仇剧《 火舞黄沙》而获得了万千星辉颁奖典礼我最喜爱的女主角及最佳女主角提名。2007年主演警匪悬疑剧《 通天干探》，凭借该剧获得了2009年美国纽约影视节“最佳演绎表演大奖”。2008年10月20日，主演的家族情仇剧《 珠光宝气》首播；同日宣布退出娱乐圈。2009年4月2日，出演的最后一部电影《 流浪汉世界杯》首映。');
INSERT INTO `演员表` VALUES ('202112045', '施念慈', '施念慈，是一个女主持人，香港前艺人， 模特公司Jacso及博客网站之创办人。代表作品《宠物情缘》、《神探李奇》、《金装四大才子》。');
INSERT INTO `演员表` VALUES ('202112046', '马丽', '马丽，演员、配音，毕业于中央戏剧学院表演系。2004年，毕业于北京大学林兆华戏剧研修班。2005年，加入开心麻花团队，成为开心麻花系列舞台剧主演之一，被称为“千场话剧女皇”。2006年，参演话剧《建筑大师》。2009年，主演舞台剧《江湖学院》。2010年，参演喜剧电影《决战刹马镇》；同年，与何炅合作小品《超幸福鞋垫》，之后成功推出“超幸福”系列小品。2012年，出演家庭情感剧《AA制生活》。2013年，首次参加央视蛇年春晚，与沈腾合作小品《今天的幸福2》，并饰演马冬梅。2014年，被冯小刚邀请参加春节联欢会，和沈腾搭档表演小品《扶不扶》。2015年2月17日，参加春节联欢晚会并表演小品《投其所好》；9月30日，主演的青春爱情喜剧电影《夏洛特烦恼》上映；12月31日，其主演的喜剧电影《一念天堂》上映。2016年10月20日，获得2016网易时尚跨界盛典年度最具风格女演员大奖。2017年2月，与贾乃亮主演电影《东北往事之破马张飞》上映；6月，其加盟的明星旅行体验类真人秀节目《旅途的花样 2017》播出；7月14日，主演的电影《喵星人》上映；9月30日，主演的喜剧电影《羞羞的铁拳》上映。2018年1月5日，主持的喜剧综艺《今夜现场秀 第一季》播出。2019年2月12日，主演的电视剧《逆流而上的你》播出；8月16日，参演的电影《龙牌之谜》上映。其他影视作品有《战金岭》《杨光的夏天》《情况不妙》《冰川时代5:星际碰撞》等；参与的综艺节目有《喜剧合伙人 2017》《蒙面唱将猜猜猜 第二季》《大片起来嗨 第一季》《王牌对王牌 第二季》等。\r\n\r\n');
INSERT INTO `演员表` VALUES ('202112047', '魏翔', '魏翔，演员、导演，开心麻花功勋演员之一。2000年，服役于武警重庆总队政治文工团。 2001年，授予一级士官警衔，专业担任演员队队长，同年荣立三等功。2003年，考入北京电影学院表演学院03高职3班，于2005年毕业。2013年，在春晚表演小品《闹元宵》被广大观众所熟知。 2016年，在热播剧《欢喜密探》中饰演反差萌官差大人。2017年7月7日，其参演的电影《绝世高手》全国上映。2018年7月，参演的电影《西虹市首富》全国上映。其他作品有《小男人遇上大女人》《开心麻花2006》《济公传之活佛登基》《分手大师》等。\r\n\r\n');

-- ----------------------------
-- Table structure for 用户主题表
-- ----------------------------
DROP TABLE IF EXISTS `用户主题表`;
CREATE TABLE `用户主题表`  (
  `用户编号` varchar(10) CHARACTER SET utf8 COLLATE utf8_general_ci NOT NULL,
  `主题编号` char(4) CHARACTER SET utf8 COLLATE utf8_general_ci NOT NULL,
  PRIMARY KEY (`用户编号`, `主题编号`) USING BTREE,
  CONSTRAINT `user_theme_ibfk_1` FOREIGN KEY (`用户编号`) REFERENCES `用户信息表` (`用户编号`) ON DELETE RESTRICT ON UPDATE CASCADE
) ENGINE = InnoDB CHARACTER SET = utf8 COLLATE = utf8_general_ci ROW_FORMAT = Dynamic;

-- ----------------------------
-- Records of 用户主题表
-- ----------------------------
INSERT INTO `用户主题表` VALUES ('211305001', '1001');
INSERT INTO `用户主题表` VALUES ('211607103', '1002');
INSERT INTO `用户主题表` VALUES ('211607103', '1008');
INSERT INTO `用户主题表` VALUES ('211607104', '1005');
INSERT INTO `用户主题表` VALUES ('211607105', '1014');
INSERT INTO `用户主题表` VALUES ('211607106', '1010');
INSERT INTO `用户主题表` VALUES ('211607107', '1012');
INSERT INTO `用户主题表` VALUES ('211607108', '1014');
INSERT INTO `用户主题表` VALUES ('211607109', '1009');
INSERT INTO `用户主题表` VALUES ('211607110', '1009');
INSERT INTO `用户主题表` VALUES ('211607110', '1015');
INSERT INTO `用户主题表` VALUES ('211607110', '1016');
INSERT INTO `用户主题表` VALUES ('211607111', '1015');
INSERT INTO `用户主题表` VALUES ('211607112', '1015');
INSERT INTO `用户主题表` VALUES ('211607113', '1004');
INSERT INTO `用户主题表` VALUES ('211607114', '1008');
INSERT INTO `用户主题表` VALUES ('211607114', '1014');
INSERT INTO `用户主题表` VALUES ('211607115', '1006');
INSERT INTO `用户主题表` VALUES ('211607116', '1006');
INSERT INTO `用户主题表` VALUES ('211607117', '1006');
INSERT INTO `用户主题表` VALUES ('211607117', '1008');
INSERT INTO `用户主题表` VALUES ('211607117', '1011');
INSERT INTO `用户主题表` VALUES ('211607117', '1014');
INSERT INTO `用户主题表` VALUES ('211607118', '1009');
INSERT INTO `用户主题表` VALUES ('211607118', '1012');
INSERT INTO `用户主题表` VALUES ('211607118', '1016');
INSERT INTO `用户主题表` VALUES ('211607119', '1002');
INSERT INTO `用户主题表` VALUES ('211607120', '1015');
INSERT INTO `用户主题表` VALUES ('211607121', '1002');
INSERT INTO `用户主题表` VALUES ('211607121', '1008');
INSERT INTO `用户主题表` VALUES ('211607121', '1009');
INSERT INTO `用户主题表` VALUES ('211607121', '1010');
INSERT INTO `用户主题表` VALUES ('211607121', '1012');
INSERT INTO `用户主题表` VALUES ('211607122', '1003');
INSERT INTO `用户主题表` VALUES ('211607122', '1013');
INSERT INTO `用户主题表` VALUES ('211607123', '1001');
INSERT INTO `用户主题表` VALUES ('211607123', '1002');
INSERT INTO `用户主题表` VALUES ('211607123', '1005');
INSERT INTO `用户主题表` VALUES ('211607123', '1009');
INSERT INTO `用户主题表` VALUES ('211607123', '1012');
INSERT INTO `用户主题表` VALUES ('211607123', '1013');
INSERT INTO `用户主题表` VALUES ('211607123', '1014');
INSERT INTO `用户主题表` VALUES ('211607124', '1005');
INSERT INTO `用户主题表` VALUES ('211607125', '1009');
INSERT INTO `用户主题表` VALUES ('211607126', '1001');
INSERT INTO `用户主题表` VALUES ('211607126', '1003');
INSERT INTO `用户主题表` VALUES ('211607126', '1005');
INSERT INTO `用户主题表` VALUES ('211607126', '1012');
INSERT INTO `用户主题表` VALUES ('211607127', '1007');
INSERT INTO `用户主题表` VALUES ('211607127', '1014');
INSERT INTO `用户主题表` VALUES ('211607128', '1016');
INSERT INTO `用户主题表` VALUES ('211607129', '1010');
INSERT INTO `用户主题表` VALUES ('211607129', '1016');
INSERT INTO `用户主题表` VALUES ('211607130', '1002');
INSERT INTO `用户主题表` VALUES ('211607130', '1009');
INSERT INTO `用户主题表` VALUES ('211607131', '1001');
INSERT INTO `用户主题表` VALUES ('211607131', '1014');
INSERT INTO `用户主题表` VALUES ('211607132', '1001');
INSERT INTO `用户主题表` VALUES ('211607132', '1006');
INSERT INTO `用户主题表` VALUES ('211607132', '1007');
INSERT INTO `用户主题表` VALUES ('211607132', '1011');
INSERT INTO `用户主题表` VALUES ('211607132', '1014');
INSERT INTO `用户主题表` VALUES ('211607132', '1015');
INSERT INTO `用户主题表` VALUES ('211607133', '1002');
INSERT INTO `用户主题表` VALUES ('211607133', '1003');
INSERT INTO `用户主题表` VALUES ('211607134', '1012');
INSERT INTO `用户主题表` VALUES ('211607135', '1010');
INSERT INTO `用户主题表` VALUES ('211607135', '1013');
INSERT INTO `用户主题表` VALUES ('211607136', '1007');
INSERT INTO `用户主题表` VALUES ('211607137', '1011');
INSERT INTO `用户主题表` VALUES ('211607138', '1002');
INSERT INTO `用户主题表` VALUES ('211607139', '1014');
INSERT INTO `用户主题表` VALUES ('211607140', '1002');
INSERT INTO `用户主题表` VALUES ('211607141', '1012');
INSERT INTO `用户主题表` VALUES ('211607142', '1007');
INSERT INTO `用户主题表` VALUES ('211607142', '1011');
INSERT INTO `用户主题表` VALUES ('211607142', '1012');
INSERT INTO `用户主题表` VALUES ('211607142', '1016');
INSERT INTO `用户主题表` VALUES ('211607143', '1003');
INSERT INTO `用户主题表` VALUES ('211607143', '1011');
INSERT INTO `用户主题表` VALUES ('211607144', '1003');
INSERT INTO `用户主题表` VALUES ('211607144', '1006');
INSERT INTO `用户主题表` VALUES ('211607144', '1010');
INSERT INTO `用户主题表` VALUES ('211607144', '1012');
INSERT INTO `用户主题表` VALUES ('211607145', '1013');
INSERT INTO `用户主题表` VALUES ('211607146', '1016');
INSERT INTO `用户主题表` VALUES ('211607147', '1002');
INSERT INTO `用户主题表` VALUES ('211607147', '1007');
INSERT INTO `用户主题表` VALUES ('211607147', '1016');
INSERT INTO `用户主题表` VALUES ('211607148', '1001');
INSERT INTO `用户主题表` VALUES ('211607148', '1016');
INSERT INTO `用户主题表` VALUES ('211607149', '1010');
INSERT INTO `用户主题表` VALUES ('211607149', '1012');
INSERT INTO `用户主题表` VALUES ('211607150', '1006');
INSERT INTO `用户主题表` VALUES ('211607150', '1012');
INSERT INTO `用户主题表` VALUES ('211607151', '1014');
INSERT INTO `用户主题表` VALUES ('211607154', '1007');
INSERT INTO `用户主题表` VALUES ('211607155', '1005');
INSERT INTO `用户主题表` VALUES ('211607155', '1008');
INSERT INTO `用户主题表` VALUES ('211607155', '1012');
INSERT INTO `用户主题表` VALUES ('211607155', '1013');
INSERT INTO `用户主题表` VALUES ('211607156', '1012');
INSERT INTO `用户主题表` VALUES ('211607156', '1015');
INSERT INTO `用户主题表` VALUES ('211607157', '1006');
INSERT INTO `用户主题表` VALUES ('211607157', '1009');
INSERT INTO `用户主题表` VALUES ('211607157', '1014');
INSERT INTO `用户主题表` VALUES ('211607158', '1001');
INSERT INTO `用户主题表` VALUES ('211607158', '1002');
INSERT INTO `用户主题表` VALUES ('211607158', '1004');
INSERT INTO `用户主题表` VALUES ('211607158', '1009');
INSERT INTO `用户主题表` VALUES ('211607158', '1012');
INSERT INTO `用户主题表` VALUES ('211607160', '1011');
INSERT INTO `用户主题表` VALUES ('211607161', '1001');
INSERT INTO `用户主题表` VALUES ('211607162', '1002');
INSERT INTO `用户主题表` VALUES ('211607162', '1005');
INSERT INTO `用户主题表` VALUES ('211607162', '1006');
INSERT INTO `用户主题表` VALUES ('211607162', '1010');
INSERT INTO `用户主题表` VALUES ('211607162', '1015');
INSERT INTO `用户主题表` VALUES ('211607162', '1016');
INSERT INTO `用户主题表` VALUES ('211607163', '1006');
INSERT INTO `用户主题表` VALUES ('211607163', '1007');
INSERT INTO `用户主题表` VALUES ('211607164', '1001');
INSERT INTO `用户主题表` VALUES ('211607165', '1007');
INSERT INTO `用户主题表` VALUES ('211607165', '1012');
INSERT INTO `用户主题表` VALUES ('211607165', '1014');
INSERT INTO `用户主题表` VALUES ('211607165', '1015');
INSERT INTO `用户主题表` VALUES ('211607166', '1011');
INSERT INTO `用户主题表` VALUES ('211607167', '1009');
INSERT INTO `用户主题表` VALUES ('211607167', '1015');
INSERT INTO `用户主题表` VALUES ('211607168', '1001');
INSERT INTO `用户主题表` VALUES ('211607168', '1003');
INSERT INTO `用户主题表` VALUES ('211607168', '1005');
INSERT INTO `用户主题表` VALUES ('211607168', '1007');
INSERT INTO `用户主题表` VALUES ('211607168', '1008');
INSERT INTO `用户主题表` VALUES ('211607168', '1009');
INSERT INTO `用户主题表` VALUES ('211607168', '1011');
INSERT INTO `用户主题表` VALUES ('211607168', '1013');
INSERT INTO `用户主题表` VALUES ('211607168', '1016');
INSERT INTO `用户主题表` VALUES ('211607169', '1014');
INSERT INTO `用户主题表` VALUES ('211607170', '1015');
INSERT INTO `用户主题表` VALUES ('211607171', '1008');
INSERT INTO `用户主题表` VALUES ('211607172', '1015');
INSERT INTO `用户主题表` VALUES ('211607173', '1003');
INSERT INTO `用户主题表` VALUES ('211607173', '1005');
INSERT INTO `用户主题表` VALUES ('211607173', '1006');
INSERT INTO `用户主题表` VALUES ('211607173', '1011');
INSERT INTO `用户主题表` VALUES ('211607174', '1001');
INSERT INTO `用户主题表` VALUES ('211607175', '1005');
INSERT INTO `用户主题表` VALUES ('211607175', '1008');
INSERT INTO `用户主题表` VALUES ('211607175', '1016');
INSERT INTO `用户主题表` VALUES ('211607176', '1012');
INSERT INTO `用户主题表` VALUES ('211607177', '1001');
INSERT INTO `用户主题表` VALUES ('211607177', '1006');
INSERT INTO `用户主题表` VALUES ('211607178', '1001');
INSERT INTO `用户主题表` VALUES ('211607178', '1004');
INSERT INTO `用户主题表` VALUES ('211607178', '1015');
INSERT INTO `用户主题表` VALUES ('211607178', '1016');
INSERT INTO `用户主题表` VALUES ('211607179', '1006');
INSERT INTO `用户主题表` VALUES ('211607179', '1010');
INSERT INTO `用户主题表` VALUES ('211607180', '1006');
INSERT INTO `用户主题表` VALUES ('211607181', '1006');
INSERT INTO `用户主题表` VALUES ('211607182', '1014');
INSERT INTO `用户主题表` VALUES ('211607183', '1010');
INSERT INTO `用户主题表` VALUES ('211607184', '1004');
INSERT INTO `用户主题表` VALUES ('211607184', '1008');
INSERT INTO `用户主题表` VALUES ('211607185', '1008');

-- ----------------------------
-- Table structure for 用户信息表
-- ----------------------------
DROP TABLE IF EXISTS `用户信息表`;
CREATE TABLE `用户信息表`  (
  `用户编号` varchar(10) CHARACTER SET utf8 COLLATE utf8_general_ci NOT NULL,
  `用户名` varchar(11) CHARACTER SET utf8 COLLATE utf8_general_ci NOT NULL,
  `密码` varchar(20) CHARACTER SET utf8 COLLATE utf8_general_ci NOT NULL,
  `手机号` char(11) CHARACTER SET utf8 COLLATE utf8_general_ci NOT NULL,
  `邮箱` varchar(100) CHARACTER SET utf8 COLLATE utf8_general_ci NULL DEFAULT NULL,
  PRIMARY KEY (`用户编号`) USING BTREE
) ENGINE = InnoDB CHARACTER SET = utf8 COLLATE = utf8_general_ci ROW_FORMAT = Dynamic;

-- ----------------------------
-- Records of 用户信息表
-- ----------------------------
INSERT INTO `用户信息表` VALUES ('211305001', '谷熙熙', 'XV8W9PZVldtmt8H2', '18022907214', '2118440032@qq.com');
INSERT INTO `用户信息表` VALUES ('211607103', '尹绿旋', 'AnsfRxz0r7MgppyF', '18231292774', '4735042601@qq.com');
INSERT INTO `用户信息表` VALUES ('211607104', '益奕奕', 'kxIWZgIRmrrJWt79', '15244056033', '4055074208@qq.com');
INSERT INTO `用户信息表` VALUES ('211607105', '余丝祺', 'xla6coJN7ngtkqFg', '13551435796', '3738080864@qq.com');
INSERT INTO `用户信息表` VALUES ('211607106', '盖令慧', 'dxbzSyPnI1P87r6C', '18383056616', '9240810073@qq.com');
INSERT INTO `用户信息表` VALUES ('211607107', '古迎荷', 'dMsyRBAkODgVhdYW', '13261967014', '2314811164@qq.com');
INSERT INTO `用户信息表` VALUES ('211607108', '蓟宜然', 'EO9um9ilgr4FbAZT', '15043148764', '1256864351@qq.com');
INSERT INTO `用户信息表` VALUES ('211607109', '钱秀兰', 'cxyhhH3APRunSHys', '18215662837', '4304015468@qq.com');
INSERT INTO `用户信息表` VALUES ('211607110', '邰影梅', 'S9B59GW29p880pjW', '18459452234', '6345585788@qq.com');
INSERT INTO `用户信息表` VALUES ('211607111', '郝晶滢', 'LXU0D370sbeUTd2n', '14542984833', '6711375611@qq.com');
INSERT INTO `用户信息表` VALUES ('211607112', '陈慧丽', 'MLHSy4UvHWs48wfW', '18724431277', '6545883546@qq.com');
INSERT INTO `用户信息表` VALUES ('211607113', '通思嫒', 'dSm40cBMvlcH1uAQ', '18116094452', '4547666818@qq.com');
INSERT INTO `用户信息表` VALUES ('211607114', '康雅莉', 'd4fDOtJfNHRiPYQd', '15009597366', '0636351712@qq.com');
INSERT INTO `用户信息表` VALUES ('211607115', '乔幻梅', 'RFGcE6QwjnPTQyy6', '13445238343', '4834108765@qq.com');
INSERT INTO `用户信息表` VALUES ('211607116', '郑书艺', 'YZ2Qi1uy13ZHvhwU', '13841316763', '4832313335@qq.com');
INSERT INTO `用户信息表` VALUES ('211607117', '谷秀妮', 'UTBGMd6JYFjmIdFo', '16504374145', '0651101723@qq.com');
INSERT INTO `用户信息表` VALUES ('211607118', '红亦丝', 'gdX7qIhh5bOG7xxU', '19124624378', '7441151055@qq.com');
INSERT INTO `用户信息表` VALUES ('211607119', '卓凤歌', 'oZgof5bYvwDN9KN0', '14913296075', '6044630318@qq.com');
INSERT INTO `用户信息表` VALUES ('211607120', '冷玮琪', '8eEyHjNaPRrnA8T5', '17298781680', '7824302122@qq.com');
INSERT INTO `用户信息表` VALUES ('211607121', '冀裕梅', 'd7gWwlebhDNwaOxs', '15097945426', '1735173221@qq.com');
INSERT INTO `用户信息表` VALUES ('211607122', '宋泽恩', '784RRvf8bldiSf3o', '18338415982', '8053784107@qq.com');
INSERT INTO `用户信息表` VALUES ('211607123', '寇含蕾', 'NNAXc3pZbOhpyWbk', '13582742290', '8366614060@qq.com');
INSERT INTO `用户信息表` VALUES ('211607124', '仰纯雪', 'Us52bGdV1KpyhlFi', '18999654771', '6058181803@qq.com');
INSERT INTO `用户信息表` VALUES ('211607125', '阚思琪', '1PEm3DBMd85rGyvZ', '13087333351', '1863673753@qq.com');
INSERT INTO `用户信息表` VALUES ('211607126', '毋由希', '1A9jCBD4fSAigMeA', '13267751382', '5113370570@qq.com');
INSERT INTO `用户信息表` VALUES ('211607127', '怀醉蝶', 'Vb78dV5hbPLgUyuF', '17231704332', '3241484528@qq.com');
INSERT INTO `用户信息表` VALUES ('211607128', '莘依美', 'Eo9lLWwzkAqaXan2', '13400854882', '7415585208@qq.com');
INSERT INTO `用户信息表` VALUES ('211607129', '融白薇', 'rt1UQ1gul88bj6nD', '16634507656', '1667354662@qq.com');
INSERT INTO `用户信息表` VALUES ('211607130', '秦萦心', 'MwvD7gd7X3mBTUqJ', '13843981571', '6542447152@qq.com');
INSERT INTO `用户信息表` VALUES ('211607131', '储暖暖', 'eqRhjXEMOQEyKqMt', '13372544561', '7408884487@qq.com');
INSERT INTO `用户信息表` VALUES ('211607132', '印之卉', '4h60zXr0n3fXe2qr', '13972364846', '2756500463@qq.com');
INSERT INTO `用户信息表` VALUES ('211607133', '雍保哲', 'SbDgOB3V44Wmdyv8', '13345848815', '6770158124@qq.com');
INSERT INTO `用户信息表` VALUES ('211607134', '储燕婉', 'OP17IN9SGIgjG51X', '17261708663', '2758277168@qq.com');
INSERT INTO `用户信息表` VALUES ('211607135', '庾韧颖', 'egKx0NhK6eB2chjG', '18523655910', '0288024166@qq.com');
INSERT INTO `用户信息表` VALUES ('211607136', '融昕葳', '6cqaueph7NaulFCg', '15552993371', '3021588664@qq.com');
INSERT INTO `用户信息表` VALUES ('211607137', '郏婉丽', 'stUwAVjvM3HXu097', '17575324882', '4231008151@qq.com');
INSERT INTO `用户信息表` VALUES ('211607138', '戌寻琴', 'kYlgvEWmpbno7Ap2', '13593147597', '1370787562@qq.com');
INSERT INTO `用户信息表` VALUES ('211607139', '郜慕蕊', 'RZ6zYNQnJmTa39K2', '15119802780', '5870014423@qq.com');
INSERT INTO `用户信息表` VALUES ('211607140', '逯念梦', 'PN9MQ5D3n7L3UAK0', '19884225946', '7041477678@qq.com');
INSERT INTO `用户信息表` VALUES ('211607141', '邵妙竹', 'f66CxXCi8Z3W0nEm', '14537953545', '3245502235@qq.com');
INSERT INTO `用户信息表` VALUES ('211607142', '阚朗宁', 'lKDUgclZjk9j2xAR', '17746856160', '7857075237@qq.com');
INSERT INTO `用户信息表` VALUES ('211607143', '杨心远', '56vnnjJpbuAzf61k', '13241789954', '0203844318@qq.com');
INSERT INTO `用户信息表` VALUES ('211607144', '红凌珍', 'KVPhU3Kc1T694Cqq', '15225095498', '5472207548@qq.com');
INSERT INTO `用户信息表` VALUES ('211607145', '景睿雪', 'EXNNweGn3yQRmx4g', '13460775737', '0076824148@qq.com');
INSERT INTO `用户信息表` VALUES ('211607146', '欧雍恬', 'my9ooJ7rJ49qQQmD', '15744326557', '8105240028@qq.com');
INSERT INTO `用户信息表` VALUES ('211607147', '冉红旭', 'tX6odU7dtVqj9Q0o', '15038648451', '3458384134@qq.com');
INSERT INTO `用户信息表` VALUES ('211607148', '糜梓婷', '6pYJxAMJTM8sdc7R', '18440594512', '1563504245@qq.com');
INSERT INTO `用户信息表` VALUES ('211607149', '空半烟', 'MQbq46kiF9EsoKad', '15638585177', '0282033106@qq.com');
INSERT INTO `用户信息表` VALUES ('211607150', '蒙月明', 'mtP89BaNZZDfEE4e', '18929482913', '0725554730@qq.com');
INSERT INTO `用户信息表` VALUES ('211607151', '段雨莹', 'HnHandzGaFrOEjIm', '13595887301', '7278624601@qq.com');
INSERT INTO `用户信息表` VALUES ('211607154', '融姗姗', 'Q6iqtKQCXilI5fiJ', '14571732158', '0656805388@qq.com');
INSERT INTO `用户信息表` VALUES ('211607155', '步辰雪', '7xrtXaOCyM1V5php', '17248828788', '4215432160@qq.com');
INSERT INTO `用户信息表` VALUES ('211607156', '阎韶丽', 'VYFhVXRtocTk9NwZ', '17057081424', '5683763046@qq.com');
INSERT INTO `用户信息表` VALUES ('211607157', '汤胤文', 'jinAQKzOd4hsNvpV', '14593202377', '7617622564@qq.com');
INSERT INTO `用户信息表` VALUES ('211607158', '劳饮香', 'f8Y1qF7P4WjOrldb', '13432092853', '8183451233@qq.com');
INSERT INTO `用户信息表` VALUES ('211607160', '易玉轩', 'JbPNcO3fpfE99jQ3', '17215952968', '8380527171@qq.com');
INSERT INTO `用户信息表` VALUES ('211607161', '任白枫', 'GFNMPneygGW0UvBh', '18319506724', '6571170382@qq.com');
INSERT INTO `用户信息表` VALUES ('211607162', '宓妍凌', '60GXWphlNEspFuaI', '17782295003', '0642047472@qq.com');
INSERT INTO `用户信息表` VALUES ('211607163', '弓佳思', '1OUoxrOAS9hpEQ8v', '18035583703', '8367851164@qq.com');
INSERT INTO `用户信息表` VALUES ('211607164', '袁玄穆', 'fitEEaXSAZXmKtuv', '13318365508', '5051746113@qq.com');
INSERT INTO `用户信息表` VALUES ('211607165', '沃碧巧', 'EPO6wMaPWfFOfFdH', '17697495753', '4074632626@qq.com');
INSERT INTO `用户信息表` VALUES ('211607166', '蒲秋英', 'QW6oWoHT7yPdAtXg', '18361173276', '4631228601@qq.com');
INSERT INTO `用户信息表` VALUES ('211607167', '符智宸', '4siascZNGxsJILi1', '13369797217', '5482607358@qq.com');
INSERT INTO `用户信息表` VALUES ('211607168', '胡美芳', 'zpzdtq6M2IUbkxMp', '13951769240', '4038215708@qq.com');
INSERT INTO `用户信息表` VALUES ('211607169', '司秋月', 'uiSDTlQVn7Ir5ddV', '13864276774', '0824608845@qq.com');
INSERT INTO `用户信息表` VALUES ('211607170', '糜一瑾', '8TCcqNu8qU3pIsiN', '15971335810', '1021686475@qq.com');
INSERT INTO `用户信息表` VALUES ('211607171', '宫君雅', 'I9k7RXponJmAIdLI', '15803426489', '5008727101@qq.com');
INSERT INTO `用户信息表` VALUES ('211607172', '吕秀秀', 'MRlDYlAlPpddPfKG', '18195612851', '4535654732@qq.com');
INSERT INTO `用户信息表` VALUES ('211607173', '董喜儿', 'QygjIwtcljeJU9Ny', '17789876183', '2813040185@qq.com');
INSERT INTO `用户信息表` VALUES ('211607174', '马傲云', '160IjMrm9ii7ydbJ', '18859495491', '8376087264@qq.com');
INSERT INTO `用户信息表` VALUES ('211607175', '厍灵松', 'KQ1o5o8u4ziTJEnZ', '15284551041', '1683045541@qq.com');
INSERT INTO `用户信息表` VALUES ('211607176', '漕丹烟', 'tYjxY1o60poOKNbT', '19153408483', '3705258682@qq.com');
INSERT INTO `用户信息表` VALUES ('211607177', '池妙珍', '9wkWIrMq7t9JrB8w', '15531448116', '2623107656@qq.com');
INSERT INTO `用户信息表` VALUES ('211607178', '弘明轩', 'GUb4QMRhBtCPXjS7', '19855063451', '6218040724@qq.com');
INSERT INTO `用户信息表` VALUES ('211607179', '仰夜香', 'sKILHTuYvb7PYSAG', '17651297234', '8356203233@qq.com');
INSERT INTO `用户信息表` VALUES ('211607180', '仰怜翠', 'tEVbpraADRmZlRZN', '13989789329', '0133244410@qq.com');
INSERT INTO `用户信息表` VALUES ('211607181', '禄海雪', 'QJzCwLuBULfc0FVW', '13710716806', '6706316146@qq.com');
INSERT INTO `用户信息表` VALUES ('211607182', '程蒙雨', '55kvI41BAaXbTLpo', '13968516107', '5033370411@qq.com');
INSERT INTO `用户信息表` VALUES ('211607183', '邱寄灵', 'Isa1pfTkx5bmhR3F', '17036615365', '6422648765@qq.com');
INSERT INTO `用户信息表` VALUES ('211607184', '逢虹雨', 'VcVwJNqFguRYvIQm', '19810581870', '0462703731@qq.com');
INSERT INTO `用户信息表` VALUES ('211607185', '逯珠轩', 'rKQe8KxHlucXbOZG', '18502512534', '3166687883@qq.com');

-- ----------------------------
-- Table structure for 用户导演表
-- ----------------------------
DROP TABLE IF EXISTS `用户导演表`;
CREATE TABLE `用户导演表`  (
  `用户编号` varchar(10) CHARACTER SET utf8 COLLATE utf8_general_ci NOT NULL,
  `导演编号` varchar(10) CHARACTER SET utf8 COLLATE utf8_general_ci NOT NULL,
  PRIMARY KEY (`用户编号`, `导演编号`) USING BTREE,
  INDEX `user_director_ibfk_2`(`导演编号`) USING BTREE,
  CONSTRAINT `user_director_ibfk_1` FOREIGN KEY (`用户编号`) REFERENCES `用户信息表` (`用户编号`) ON DELETE RESTRICT ON UPDATE CASCADE,
  CONSTRAINT `user_director_ibfk_2` FOREIGN KEY (`导演编号`) REFERENCES `导演表` (`导演编号`) ON DELETE RESTRICT ON UPDATE CASCADE
) ENGINE = InnoDB CHARACTER SET = utf8 COLLATE = utf8_general_ci ROW_FORMAT = Dynamic;

-- ----------------------------
-- Records of 用户导演表
-- ----------------------------
INSERT INTO `用户导演表` VALUES ('211607112', '1001');
INSERT INTO `用户导演表` VALUES ('211607115', '1001');
INSERT INTO `用户导演表` VALUES ('211607116', '1001');
INSERT INTO `用户导演表` VALUES ('211607119', '1001');
INSERT INTO `用户导演表` VALUES ('211607133', '1001');
INSERT INTO `用户导演表` VALUES ('211607136', '1001');
INSERT INTO `用户导演表` VALUES ('211607147', '1001');
INSERT INTO `用户导演表` VALUES ('211607155', '1001');
INSERT INTO `用户导演表` VALUES ('211607161', '1001');
INSERT INTO `用户导演表` VALUES ('211607169', '1001');
INSERT INTO `用户导演表` VALUES ('211607174', '1001');
INSERT INTO `用户导演表` VALUES ('211607175', '1001');
INSERT INTO `用户导演表` VALUES ('211607176', '1001');
INSERT INTO `用户导演表` VALUES ('211607178', '1001');
INSERT INTO `用户导演表` VALUES ('211607182', '1001');
INSERT INTO `用户导演表` VALUES ('211305001', '1002');
INSERT INTO `用户导演表` VALUES ('211607107', '1002');
INSERT INTO `用户导演表` VALUES ('211607115', '1002');
INSERT INTO `用户导演表` VALUES ('211607119', '1002');
INSERT INTO `用户导演表` VALUES ('211607124', '1002');
INSERT INTO `用户导演表` VALUES ('211607136', '1002');
INSERT INTO `用户导演表` VALUES ('211607137', '1002');
INSERT INTO `用户导演表` VALUES ('211607138', '1002');
INSERT INTO `用户导演表` VALUES ('211607145', '1002');
INSERT INTO `用户导演表` VALUES ('211607176', '1002');
INSERT INTO `用户导演表` VALUES ('211607104', '1003');
INSERT INTO `用户导演表` VALUES ('211607105', '1003');
INSERT INTO `用户导演表` VALUES ('211607119', '1003');
INSERT INTO `用户导演表` VALUES ('211607121', '1003');
INSERT INTO `用户导演表` VALUES ('211607127', '1003');
INSERT INTO `用户导演表` VALUES ('211607170', '1003');
INSERT INTO `用户导演表` VALUES ('211607173', '1003');
INSERT INTO `用户导演表` VALUES ('211607109', '1004');
INSERT INTO `用户导演表` VALUES ('211607116', '1004');
INSERT INTO `用户导演表` VALUES ('211607117', '1004');
INSERT INTO `用户导演表` VALUES ('211607120', '1004');
INSERT INTO `用户导演表` VALUES ('211607122', '1004');
INSERT INTO `用户导演表` VALUES ('211607124', '1004');
INSERT INTO `用户导演表` VALUES ('211607129', '1004');
INSERT INTO `用户导演表` VALUES ('211607133', '1004');
INSERT INTO `用户导演表` VALUES ('211607136', '1004');
INSERT INTO `用户导演表` VALUES ('211607146', '1004');
INSERT INTO `用户导演表` VALUES ('211607164', '1004');
INSERT INTO `用户导演表` VALUES ('211607168', '1004');
INSERT INTO `用户导演表` VALUES ('211607170', '1004');
INSERT INTO `用户导演表` VALUES ('211607181', '1004');
INSERT INTO `用户导演表` VALUES ('211607182', '1004');
INSERT INTO `用户导演表` VALUES ('211607185', '1004');
INSERT INTO `用户导演表` VALUES ('211607104', '1005');
INSERT INTO `用户导演表` VALUES ('211607106', '1005');
INSERT INTO `用户导演表` VALUES ('211607115', '1005');
INSERT INTO `用户导演表` VALUES ('211607121', '1005');
INSERT INTO `用户导演表` VALUES ('211607123', '1005');
INSERT INTO `用户导演表` VALUES ('211607137', '1005');
INSERT INTO `用户导演表` VALUES ('211607143', '1005');
INSERT INTO `用户导演表` VALUES ('211607163', '1005');
INSERT INTO `用户导演表` VALUES ('211607103', '1006');
INSERT INTO `用户导演表` VALUES ('211607105', '1006');
INSERT INTO `用户导演表` VALUES ('211607106', '1006');
INSERT INTO `用户导演表` VALUES ('211607123', '1006');
INSERT INTO `用户导演表` VALUES ('211607124', '1006');
INSERT INTO `用户导演表` VALUES ('211607133', '1006');
INSERT INTO `用户导演表` VALUES ('211607154', '1006');
INSERT INTO `用户导演表` VALUES ('211607156', '1006');
INSERT INTO `用户导演表` VALUES ('211607167', '1006');
INSERT INTO `用户导演表` VALUES ('211607180', '1006');
INSERT INTO `用户导演表` VALUES ('211607182', '1006');
INSERT INTO `用户导演表` VALUES ('211607103', '1007');
INSERT INTO `用户导演表` VALUES ('211607108', '1007');
INSERT INTO `用户导演表` VALUES ('211607110', '1007');
INSERT INTO `用户导演表` VALUES ('211607118', '1007');
INSERT INTO `用户导演表` VALUES ('211607124', '1007');
INSERT INTO `用户导演表` VALUES ('211607126', '1007');
INSERT INTO `用户导演表` VALUES ('211607128', '1007');
INSERT INTO `用户导演表` VALUES ('211607130', '1007');
INSERT INTO `用户导演表` VALUES ('211607132', '1007');
INSERT INTO `用户导演表` VALUES ('211607136', '1007');
INSERT INTO `用户导演表` VALUES ('211607138', '1007');
INSERT INTO `用户导演表` VALUES ('211607139', '1007');
INSERT INTO `用户导演表` VALUES ('211607150', '1007');
INSERT INTO `用户导演表` VALUES ('211607173', '1007');
INSERT INTO `用户导演表` VALUES ('211607182', '1007');
INSERT INTO `用户导演表` VALUES ('211607105', '1008');
INSERT INTO `用户导演表` VALUES ('211607106', '1008');
INSERT INTO `用户导演表` VALUES ('211607107', '1008');
INSERT INTO `用户导演表` VALUES ('211607111', '1008');
INSERT INTO `用户导演表` VALUES ('211607114', '1008');
INSERT INTO `用户导演表` VALUES ('211607124', '1008');
INSERT INTO `用户导演表` VALUES ('211607129', '1008');
INSERT INTO `用户导演表` VALUES ('211607135', '1008');
INSERT INTO `用户导演表` VALUES ('211607140', '1008');
INSERT INTO `用户导演表` VALUES ('211607141', '1008');
INSERT INTO `用户导演表` VALUES ('211607175', '1008');
INSERT INTO `用户导演表` VALUES ('211607178', '1008');
INSERT INTO `用户导演表` VALUES ('211607105', '1009');
INSERT INTO `用户导演表` VALUES ('211607118', '1009');
INSERT INTO `用户导演表` VALUES ('211607119', '1009');
INSERT INTO `用户导演表` VALUES ('211607123', '1009');
INSERT INTO `用户导演表` VALUES ('211607124', '1009');
INSERT INTO `用户导演表` VALUES ('211607126', '1009');
INSERT INTO `用户导演表` VALUES ('211607138', '1009');
INSERT INTO `用户导演表` VALUES ('211607148', '1009');
INSERT INTO `用户导演表` VALUES ('211607162', '1009');
INSERT INTO `用户导演表` VALUES ('211607164', '1009');
INSERT INTO `用户导演表` VALUES ('211607175', '1009');
INSERT INTO `用户导演表` VALUES ('211607176', '1009');
INSERT INTO `用户导演表` VALUES ('211607177', '1009');
INSERT INTO `用户导演表` VALUES ('211607178', '1009');
INSERT INTO `用户导演表` VALUES ('211607183', '1009');
INSERT INTO `用户导演表` VALUES ('211607184', '1009');
INSERT INTO `用户导演表` VALUES ('211607108', '1010');
INSERT INTO `用户导演表` VALUES ('211607109', '1010');
INSERT INTO `用户导演表` VALUES ('211607110', '1010');
INSERT INTO `用户导演表` VALUES ('211607111', '1010');
INSERT INTO `用户导演表` VALUES ('211607117', '1010');
INSERT INTO `用户导演表` VALUES ('211607118', '1010');
INSERT INTO `用户导演表` VALUES ('211607120', '1010');
INSERT INTO `用户导演表` VALUES ('211607123', '1010');
INSERT INTO `用户导演表` VALUES ('211607124', '1010');
INSERT INTO `用户导演表` VALUES ('211607127', '1010');
INSERT INTO `用户导演表` VALUES ('211607128', '1010');
INSERT INTO `用户导演表` VALUES ('211607134', '1010');
INSERT INTO `用户导演表` VALUES ('211607146', '1010');
INSERT INTO `用户导演表` VALUES ('211607149', '1010');
INSERT INTO `用户导演表` VALUES ('211607155', '1010');
INSERT INTO `用户导演表` VALUES ('211607158', '1010');
INSERT INTO `用户导演表` VALUES ('211607160', '1010');
INSERT INTO `用户导演表` VALUES ('211607168', '1010');
INSERT INTO `用户导演表` VALUES ('211607172', '1010');
INSERT INTO `用户导演表` VALUES ('211607173', '1010');
INSERT INTO `用户导演表` VALUES ('211607177', '1010');
INSERT INTO `用户导演表` VALUES ('211607178', '1010');
INSERT INTO `用户导演表` VALUES ('211607179', '1010');
INSERT INTO `用户导演表` VALUES ('211607184', '1010');
INSERT INTO `用户导演表` VALUES ('211607111', '1011');
INSERT INTO `用户导演表` VALUES ('211607112', '1011');
INSERT INTO `用户导演表` VALUES ('211607113', '1011');
INSERT INTO `用户导演表` VALUES ('211607114', '1011');
INSERT INTO `用户导演表` VALUES ('211607115', '1011');
INSERT INTO `用户导演表` VALUES ('211607118', '1011');
INSERT INTO `用户导演表` VALUES ('211607122', '1011');
INSERT INTO `用户导演表` VALUES ('211607123', '1011');
INSERT INTO `用户导演表` VALUES ('211607124', '1011');
INSERT INTO `用户导演表` VALUES ('211607125', '1011');
INSERT INTO `用户导演表` VALUES ('211607136', '1011');
INSERT INTO `用户导演表` VALUES ('211607146', '1011');
INSERT INTO `用户导演表` VALUES ('211607149', '1011');
INSERT INTO `用户导演表` VALUES ('211607164', '1011');
INSERT INTO `用户导演表` VALUES ('211607170', '1011');
INSERT INTO `用户导演表` VALUES ('211607176', '1011');
INSERT INTO `用户导演表` VALUES ('211607182', '1011');
INSERT INTO `用户导演表` VALUES ('211607184', '1011');
INSERT INTO `用户导演表` VALUES ('211607116', '1012');
INSERT INTO `用户导演表` VALUES ('211607120', '1012');
INSERT INTO `用户导演表` VALUES ('211607129', '1012');
INSERT INTO `用户导演表` VALUES ('211607133', '1012');
INSERT INTO `用户导演表` VALUES ('211607138', '1012');
INSERT INTO `用户导演表` VALUES ('211607144', '1012');
INSERT INTO `用户导演表` VALUES ('211607166', '1012');
INSERT INTO `用户导演表` VALUES ('211607182', '1012');
INSERT INTO `用户导演表` VALUES ('211607184', '1012');
INSERT INTO `用户导演表` VALUES ('211607107', '1013');
INSERT INTO `用户导演表` VALUES ('211607110', '1013');
INSERT INTO `用户导演表` VALUES ('211607119', '1013');
INSERT INTO `用户导演表` VALUES ('211607124', '1013');
INSERT INTO `用户导演表` VALUES ('211607127', '1013');
INSERT INTO `用户导演表` VALUES ('211607142', '1013');
INSERT INTO `用户导演表` VALUES ('211607143', '1013');
INSERT INTO `用户导演表` VALUES ('211607150', '1013');
INSERT INTO `用户导演表` VALUES ('211607157', '1013');
INSERT INTO `用户导演表` VALUES ('211607165', '1013');
INSERT INTO `用户导演表` VALUES ('211607170', '1013');
INSERT INTO `用户导演表` VALUES ('211607174', '1013');
INSERT INTO `用户导演表` VALUES ('211607108', '1014');
INSERT INTO `用户导演表` VALUES ('211607119', '1014');
INSERT INTO `用户导演表` VALUES ('211607131', '1014');
INSERT INTO `用户导演表` VALUES ('211607139', '1014');
INSERT INTO `用户导演表` VALUES ('211607141', '1014');
INSERT INTO `用户导演表` VALUES ('211607164', '1014');
INSERT INTO `用户导演表` VALUES ('211607169', '1014');
INSERT INTO `用户导演表` VALUES ('211607176', '1014');
INSERT INTO `用户导演表` VALUES ('211607178', '1014');
INSERT INTO `用户导演表` VALUES ('211305001', '1015');
INSERT INTO `用户导演表` VALUES ('211607111', '1015');
INSERT INTO `用户导演表` VALUES ('211607113', '1015');
INSERT INTO `用户导演表` VALUES ('211607119', '1015');
INSERT INTO `用户导演表` VALUES ('211607123', '1015');
INSERT INTO `用户导演表` VALUES ('211607129', '1015');
INSERT INTO `用户导演表` VALUES ('211607133', '1015');
INSERT INTO `用户导演表` VALUES ('211607145', '1015');
INSERT INTO `用户导演表` VALUES ('211607151', '1015');
INSERT INTO `用户导演表` VALUES ('211607158', '1015');
INSERT INTO `用户导演表` VALUES ('211607170', '1015');
INSERT INTO `用户导演表` VALUES ('211607171', '1015');
INSERT INTO `用户导演表` VALUES ('211607173', '1015');
INSERT INTO `用户导演表` VALUES ('211607177', '1015');
INSERT INTO `用户导演表` VALUES ('211607179', '1015');
INSERT INTO `用户导演表` VALUES ('211607182', '1015');

-- ----------------------------
-- Table structure for 用户演员表
-- ----------------------------
DROP TABLE IF EXISTS `用户演员表`;
CREATE TABLE `用户演员表`  (
  `用户编号` varchar(10) CHARACTER SET utf8 COLLATE utf8_general_ci NOT NULL,
  `演员编号` varchar(10) CHARACTER SET utf8 COLLATE utf8_general_ci NOT NULL,
  PRIMARY KEY (`用户编号`, `演员编号`) USING BTREE,
  INDEX `user_actor_ibfk_2`(`演员编号`) USING BTREE,
  CONSTRAINT `user_actor_ibfk_1` FOREIGN KEY (`用户编号`) REFERENCES `用户信息表` (`用户编号`) ON DELETE RESTRICT ON UPDATE CASCADE,
  CONSTRAINT `user_actor_ibfk_2` FOREIGN KEY (`演员编号`) REFERENCES `演员表` (`演员编号`) ON DELETE RESTRICT ON UPDATE CASCADE
) ENGINE = InnoDB CHARACTER SET = utf8 COLLATE = utf8_general_ci ROW_FORMAT = Dynamic;

-- ----------------------------
-- Records of 用户演员表
-- ----------------------------
INSERT INTO `用户演员表` VALUES ('211607104', '202112001');
INSERT INTO `用户演员表` VALUES ('211607126', '202112001');
INSERT INTO `用户演员表` VALUES ('211607130', '202112001');
INSERT INTO `用户演员表` VALUES ('211607134', '202112001');
INSERT INTO `用户演员表` VALUES ('211607135', '202112001');
INSERT INTO `用户演员表` VALUES ('211607140', '202112001');
INSERT INTO `用户演员表` VALUES ('211607141', '202112002');
INSERT INTO `用户演员表` VALUES ('211607142', '202112002');
INSERT INTO `用户演员表` VALUES ('211607148', '202112002');
INSERT INTO `用户演员表` VALUES ('211607179', '202112002');
INSERT INTO `用户演员表` VALUES ('211607183', '202112002');
INSERT INTO `用户演员表` VALUES ('211607118', '202112003');
INSERT INTO `用户演员表` VALUES ('211607127', '202112003');
INSERT INTO `用户演员表` VALUES ('211607166', '202112003');
INSERT INTO `用户演员表` VALUES ('211607168', '202112003');
INSERT INTO `用户演员表` VALUES ('211607182', '202112003');
INSERT INTO `用户演员表` VALUES ('211607107', '202112004');
INSERT INTO `用户演员表` VALUES ('211607121', '202112004');
INSERT INTO `用户演员表` VALUES ('211607143', '202112004');
INSERT INTO `用户演员表` VALUES ('211607164', '202112004');
INSERT INTO `用户演员表` VALUES ('211607180', '202112004');
INSERT INTO `用户演员表` VALUES ('211607122', '202112005');
INSERT INTO `用户演员表` VALUES ('211607133', '202112005');
INSERT INTO `用户演员表` VALUES ('211607165', '202112005');
INSERT INTO `用户演员表` VALUES ('211607179', '202112005');
INSERT INTO `用户演员表` VALUES ('211607105', '202112006');
INSERT INTO `用户演员表` VALUES ('211607143', '202112006');
INSERT INTO `用户演员表` VALUES ('211607151', '202112006');
INSERT INTO `用户演员表` VALUES ('211607131', '202112007');
INSERT INTO `用户演员表` VALUES ('211607142', '202112007');
INSERT INTO `用户演员表` VALUES ('211607118', '202112008');
INSERT INTO `用户演员表` VALUES ('211607124', '202112008');
INSERT INTO `用户演员表` VALUES ('211607171', '202112008');
INSERT INTO `用户演员表` VALUES ('211607184', '202112008');
INSERT INTO `用户演员表` VALUES ('211607109', '202112009');
INSERT INTO `用户演员表` VALUES ('211607111', '202112009');
INSERT INTO `用户演员表` VALUES ('211607149', '202112009');
INSERT INTO `用户演员表` VALUES ('211607150', '202112009');
INSERT INTO `用户演员表` VALUES ('211607184', '202112009');
INSERT INTO `用户演员表` VALUES ('211607114', '202112010');
INSERT INTO `用户演员表` VALUES ('211607173', '202112010');
INSERT INTO `用户演员表` VALUES ('211607123', '202112011');
INSERT INTO `用户演员表` VALUES ('211607126', '202112011');
INSERT INTO `用户演员表` VALUES ('211607146', '202112011');
INSERT INTO `用户演员表` VALUES ('211607156', '202112011');
INSERT INTO `用户演员表` VALUES ('211607175', '202112011');
INSERT INTO `用户演员表` VALUES ('211607105', '202112012');
INSERT INTO `用户演员表` VALUES ('211607123', '202112012');
INSERT INTO `用户演员表` VALUES ('211607137', '202112012');
INSERT INTO `用户演员表` VALUES ('211607165', '202112012');
INSERT INTO `用户演员表` VALUES ('211607167', '202112012');
INSERT INTO `用户演员表` VALUES ('211607105', '202112013');
INSERT INTO `用户演员表` VALUES ('211607107', '202112013');
INSERT INTO `用户演员表` VALUES ('211607123', '202112013');
INSERT INTO `用户演员表` VALUES ('211607149', '202112013');
INSERT INTO `用户演员表` VALUES ('211607158', '202112013');
INSERT INTO `用户演员表` VALUES ('211607160', '202112013');
INSERT INTO `用户演员表` VALUES ('211607166', '202112013');
INSERT INTO `用户演员表` VALUES ('211607169', '202112014');
INSERT INTO `用户演员表` VALUES ('211607170', '202112014');
INSERT INTO `用户演员表` VALUES ('211607117', '202112016');
INSERT INTO `用户演员表` VALUES ('211607139', '202112016');
INSERT INTO `用户演员表` VALUES ('211607172', '202112016');
INSERT INTO `用户演员表` VALUES ('211607129', '202112017');
INSERT INTO `用户演员表` VALUES ('211607131', '202112017');
INSERT INTO `用户演员表` VALUES ('211607149', '202112017');
INSERT INTO `用户演员表` VALUES ('211607109', '202112018');
INSERT INTO `用户演员表` VALUES ('211607150', '202112018');
INSERT INTO `用户演员表` VALUES ('211607135', '202112019');
INSERT INTO `用户演员表` VALUES ('211607139', '202112019');
INSERT INTO `用户演员表` VALUES ('211607146', '202112019');
INSERT INTO `用户演员表` VALUES ('211607158', '202112019');
INSERT INTO `用户演员表` VALUES ('211607122', '202112020');
INSERT INTO `用户演员表` VALUES ('211607121', '202112021');
INSERT INTO `用户演员表` VALUES ('211607142', '202112021');
INSERT INTO `用户演员表` VALUES ('211607145', '202112021');
INSERT INTO `用户演员表` VALUES ('211607181', '202112021');
INSERT INTO `用户演员表` VALUES ('211607117', '202112022');
INSERT INTO `用户演员表` VALUES ('211607122', '202112022');
INSERT INTO `用户演员表` VALUES ('211607136', '202112022');
INSERT INTO `用户演员表` VALUES ('211607131', '202112023');
INSERT INTO `用户演员表` VALUES ('211607157', '202112023');
INSERT INTO `用户演员表` VALUES ('211607109', '202112024');
INSERT INTO `用户演员表` VALUES ('211607155', '202112024');
INSERT INTO `用户演员表` VALUES ('211607164', '202112024');
INSERT INTO `用户演员表` VALUES ('211607171', '202112024');
INSERT INTO `用户演员表` VALUES ('211607117', '202112025');
INSERT INTO `用户演员表` VALUES ('211607129', '202112025');
INSERT INTO `用户演员表` VALUES ('211607149', '202112025');
INSERT INTO `用户演员表` VALUES ('211607151', '202112025');
INSERT INTO `用户演员表` VALUES ('211607165', '202112025');
INSERT INTO `用户演员表` VALUES ('211607170', '202112025');
INSERT INTO `用户演员表` VALUES ('211607171', '202112025');
INSERT INTO `用户演员表` VALUES ('211607125', '202112026');
INSERT INTO `用户演员表` VALUES ('211607169', '202112026');
INSERT INTO `用户演员表` VALUES ('211305001', '202112027');
INSERT INTO `用户演员表` VALUES ('211607107', '202112027');
INSERT INTO `用户演员表` VALUES ('211607126', '202112027');
INSERT INTO `用户演员表` VALUES ('211607161', '202112027');
INSERT INTO `用户演员表` VALUES ('211607171', '202112027');
INSERT INTO `用户演员表` VALUES ('211607106', '202112028');
INSERT INTO `用户演员表` VALUES ('211607109', '202112028');
INSERT INTO `用户演员表` VALUES ('211607116', '202112028');
INSERT INTO `用户演员表` VALUES ('211607119', '202112028');
INSERT INTO `用户演员表` VALUES ('211607126', '202112028');
INSERT INTO `用户演员表` VALUES ('211607127', '202112028');
INSERT INTO `用户演员表` VALUES ('211607138', '202112028');
INSERT INTO `用户演员表` VALUES ('211607171', '202112028');
INSERT INTO `用户演员表` VALUES ('211607126', '202112029');
INSERT INTO `用户演员表` VALUES ('211607143', '202112029');
INSERT INTO `用户演员表` VALUES ('211607148', '202112029');
INSERT INTO `用户演员表` VALUES ('211607155', '202112029');
INSERT INTO `用户演员表` VALUES ('211607157', '202112029');
INSERT INTO `用户演员表` VALUES ('211607175', '202112029');
INSERT INTO `用户演员表` VALUES ('211607120', '202112030');
INSERT INTO `用户演员表` VALUES ('211607149', '202112030');
INSERT INTO `用户演员表` VALUES ('211607178', '202112030');
INSERT INTO `用户演员表` VALUES ('211607185', '202112031');
INSERT INTO `用户演员表` VALUES ('211607121', '202112032');
INSERT INTO `用户演员表` VALUES ('211607128', '202112032');
INSERT INTO `用户演员表` VALUES ('211607131', '202112032');
INSERT INTO `用户演员表` VALUES ('211607148', '202112032');
INSERT INTO `用户演员表` VALUES ('211607134', '202112033');
INSERT INTO `用户演员表` VALUES ('211607162', '202112033');
INSERT INTO `用户演员表` VALUES ('211607177', '202112033');
INSERT INTO `用户演员表` VALUES ('211607112', '202112034');
INSERT INTO `用户演员表` VALUES ('211607133', '202112034');
INSERT INTO `用户演员表` VALUES ('211607163', '202112034');
INSERT INTO `用户演员表` VALUES ('211607169', '202112034');
INSERT INTO `用户演员表` VALUES ('211607128', '202112035');
INSERT INTO `用户演员表` VALUES ('211607138', '202112035');
INSERT INTO `用户演员表` VALUES ('211607177', '202112035');
INSERT INTO `用户演员表` VALUES ('211607103', '202112036');
INSERT INTO `用户演员表` VALUES ('211607185', '202112036');
INSERT INTO `用户演员表` VALUES ('211607154', '202112037');
INSERT INTO `用户演员表` VALUES ('211607158', '202112037');
INSERT INTO `用户演员表` VALUES ('211607161', '202112037');
INSERT INTO `用户演员表` VALUES ('211607164', '202112037');
INSERT INTO `用户演员表` VALUES ('211607165', '202112037');
INSERT INTO `用户演员表` VALUES ('211607173', '202112037');
INSERT INTO `用户演员表` VALUES ('211607105', '202112038');
INSERT INTO `用户演员表` VALUES ('211607126', '202112038');
INSERT INTO `用户演员表` VALUES ('211607131', '202112038');
INSERT INTO `用户演员表` VALUES ('211607173', '202112038');
INSERT INTO `用户演员表` VALUES ('211607179', '202112038');
INSERT INTO `用户演员表` VALUES ('211607182', '202112038');
INSERT INTO `用户演员表` VALUES ('211607185', '202112038');
INSERT INTO `用户演员表` VALUES ('211607110', '202112039');
INSERT INTO `用户演员表` VALUES ('211607116', '202112039');
INSERT INTO `用户演员表` VALUES ('211607118', '202112039');
INSERT INTO `用户演员表` VALUES ('211607138', '202112039');
INSERT INTO `用户演员表` VALUES ('211607139', '202112039');
INSERT INTO `用户演员表` VALUES ('211607169', '202112039');
INSERT INTO `用户演员表` VALUES ('211607176', '202112039');
INSERT INTO `用户演员表` VALUES ('211607109', '202112040');
INSERT INTO `用户演员表` VALUES ('211607156', '202112040');
INSERT INTO `用户演员表` VALUES ('211607171', '202112040');
INSERT INTO `用户演员表` VALUES ('211607115', '202112041');
INSERT INTO `用户演员表` VALUES ('211607118', '202112041');
INSERT INTO `用户演员表` VALUES ('211607128', '202112041');
INSERT INTO `用户演员表` VALUES ('211607144', '202112041');
INSERT INTO `用户演员表` VALUES ('211607148', '202112041');
INSERT INTO `用户演员表` VALUES ('211607174', '202112041');
INSERT INTO `用户演员表` VALUES ('211607113', '202112042');
INSERT INTO `用户演员表` VALUES ('211607147', '202112042');
INSERT INTO `用户演员表` VALUES ('211607111', '202112043');
INSERT INTO `用户演员表` VALUES ('211607112', '202112043');
INSERT INTO `用户演员表` VALUES ('211607115', '202112043');
INSERT INTO `用户演员表` VALUES ('211607113', '202112044');
INSERT INTO `用户演员表` VALUES ('211607132', '202112044');
INSERT INTO `用户演员表` VALUES ('211607149', '202112044');
INSERT INTO `用户演员表` VALUES ('211607164', '202112044');
INSERT INTO `用户演员表` VALUES ('211607103', '202112045');
INSERT INTO `用户演员表` VALUES ('211607108', '202112045');
INSERT INTO `用户演员表` VALUES ('211607126', '202112045');
INSERT INTO `用户演员表` VALUES ('211607143', '202112045');

-- ----------------------------
-- Table structure for 电影主题表
-- ----------------------------
DROP TABLE IF EXISTS `电影主题表`;
CREATE TABLE `电影主题表`  (
  `电影编号` varchar(10) CHARACTER SET utf8 COLLATE utf8_general_ci NOT NULL,
  `主题编号` char(4) CHARACTER SET utf8 COLLATE utf8_general_ci NOT NULL,
  PRIMARY KEY (`电影编号`, `主题编号`) USING BTREE,
  INDEX `film_theme_ibfk_2`(`主题编号`) USING BTREE,
  CONSTRAINT `film_theme_ibfk_1` FOREIGN KEY (`电影编号`) REFERENCES `电影信息表` (`电影编号`) ON DELETE CASCADE ON UPDATE CASCADE,
  CONSTRAINT `film_theme_ibfk_2` FOREIGN KEY (`主题编号`) REFERENCES `主题表` (`主题编号`) ON DELETE CASCADE ON UPDATE CASCADE
) ENGINE = InnoDB CHARACTER SET = utf8 COLLATE = utf8_general_ci ROW_FORMAT = Dynamic;

-- ----------------------------
-- Records of 电影主题表
-- ----------------------------
INSERT INTO `电影主题表` VALUES ('20211005', '1001');
INSERT INTO `电影主题表` VALUES ('20211012', '1001');
INSERT INTO `电影主题表` VALUES ('20211001', '1002');
INSERT INTO `电影主题表` VALUES ('20211002', '1002');
INSERT INTO `电影主题表` VALUES ('20211003', '1002');
INSERT INTO `电影主题表` VALUES ('20211005', '1002');
INSERT INTO `电影主题表` VALUES ('20211008', '1002');
INSERT INTO `电影主题表` VALUES ('20211009', '1002');
INSERT INTO `电影主题表` VALUES ('20211010', '1002');
INSERT INTO `电影主题表` VALUES ('20211011', '1002');
INSERT INTO `电影主题表` VALUES ('20211013', '1002');
INSERT INTO `电影主题表` VALUES ('20211014', '1002');
INSERT INTO `电影主题表` VALUES ('20211006', '1003');
INSERT INTO `电影主题表` VALUES ('20211004', '1004');
INSERT INTO `电影主题表` VALUES ('20211012', '1004');
INSERT INTO `电影主题表` VALUES ('20211016', '1004');
INSERT INTO `电影主题表` VALUES ('20211002', '1007');
INSERT INTO `电影主题表` VALUES ('20211004', '1007');
INSERT INTO `电影主题表` VALUES ('20211007', '1007');
INSERT INTO `电影主题表` VALUES ('20211008', '1007');
INSERT INTO `电影主题表` VALUES ('20211012', '1008');
INSERT INTO `电影主题表` VALUES ('20211015', '1009');
INSERT INTO `电影主题表` VALUES ('20211002', '1010');
INSERT INTO `电影主题表` VALUES ('20211005', '1010');
INSERT INTO `电影主题表` VALUES ('20211014', '1011');
INSERT INTO `电影主题表` VALUES ('20211009', '1013');
INSERT INTO `电影主题表` VALUES ('20211003', '1014');
INSERT INTO `电影主题表` VALUES ('20211011', '1014');
INSERT INTO `电影主题表` VALUES ('20211001', '1015');
INSERT INTO `电影主题表` VALUES ('20211006', '1015');
INSERT INTO `电影主题表` VALUES ('20211016', '1015');

-- ----------------------------
-- Table structure for 电影信息表
-- ----------------------------
DROP TABLE IF EXISTS `电影信息表`;
CREATE TABLE `电影信息表`  (
  `电影编号` varchar(10) CHARACTER SET utf8 COLLATE utf8_general_ci NOT NULL COMMENT '电影的编号',
  `电影名` varchar(40) CHARACTER SET utf8 COLLATE utf8_general_ci NOT NULL COMMENT '电影的名称',
  `上映日期` date NULL DEFAULT NULL COMMENT '电影的上映日期',
  `剧情简介` text CHARACTER SET utf8 COLLATE utf8_general_ci NULL COMMENT '电影的剧情简介',
  `导演编号` varchar(10) CHARACTER SET utf8 COLLATE utf8_general_ci NULL DEFAULT NULL COMMENT '该电影大的导演',
  PRIMARY KEY (`电影编号`) USING BTREE,
  INDEX `film_info_ibfk_1`(`导演编号`) USING BTREE,
  CONSTRAINT `film_info_ibfk_1` FOREIGN KEY (`导演编号`) REFERENCES `导演表` (`导演编号`) ON DELETE RESTRICT ON UPDATE CASCADE
) ENGINE = InnoDB CHARACTER SET = utf8 COLLATE = utf8_general_ci ROW_FORMAT = Dynamic;

-- ----------------------------
-- Records of 电影信息表
-- ----------------------------
INSERT INTO `电影信息表` VALUES ('20211001', '误杀2', '2021-11-17', '林日朗（肖央 饰）与妻子阿玲、儿子小虫一直过着清贫但幸福的生活，直到儿子小虫突发意外急需救治，几经周折，走投无路的林日朗为了救儿子决定放手一搏。他制定了一个惊天计划.....', '1001');
INSERT INTO `电影信息表` VALUES ('20211002', '扬名立万', '2021-11-11', '月黑风高之夜，一群电影人被秘密召集到一起，欲将轰动一时的血案翻拍成电影，借此扬名立万。殊不知他们正身处案发现场，并步步陷入一个巨大迷局之中，而凶手就在他们中间……伴随着利欲熏天的创作风暴，案件背后的故事似乎也更加扑朔迷离，戏中戏、案中案、局中局、人外人，环环相扣，一场野心与良心的较量愈演愈烈。究竟是命悬一线，还是另有惊天逆转？爱与温暖的血色花又能否从快将干涸的血河中终极绽放？一切都有待揭开。', '1002');
INSERT INTO `电影信息表` VALUES ('20211003', '以年为单位的恋爱', '2021-12-31', '一起跨过年的人，一辈子都不会忘记。电影《以年为单位的恋爱》讲述跨年夜当天，独在异乡打拼的酒店经理陆鹿珊（毛晓彤 饰）和创业中的江宇（杨玏 饰）因一场推介活动相识，两人惺惺相惜，感情在跨年夜的烟火中升温，在好友崔喜（孙千 饰）、合伙人老白（张海宇 饰 ）的帮助下，迅速展开恋情。同无数普通情侣一样，他们从如胶似漆浓情蜜意到无话可说隔阂渐显，短短一年，难逃一“痒”。好像，两个人并没有想象中那么合适。她热烈、干练、渴望安全感，对生活有着明确的目标；他木讷、内向、有着不成熟的孩子气，把未来想得有点简单。现实压力、情感困惑，在共度的第二个跨年夜，一起爆发了……', '1003');
INSERT INTO `电影信息表` VALUES ('20211004', '雄狮少年', '2021-12-17', '本片讲述了三个被人无视和欺负的少年，阴差阳错走上令人捧腹的舞狮之路，经过师傅咸鱼强的培训，一路跌跌撞撞，最终凭借满腔热血和冲劲，成为自己心中“雄狮”的故事。', '1004');
INSERT INTO `电影信息表` VALUES ('20211005', '古董局中局', '2021-12-03', '一尊价值连城的佛头，牵扯出古玩界惊天骗局！民国年间文物界权威组织“五脉”掌门许一城，将武则天明堂佛头送至海外，被定罪为汉奸。半个世纪后，佛头归还，指明要许一城的后人，许家第三代许愿出面接收。许愿虽有一身鉴古本事，却因父亲许和平当年抛下自己而一蹶不振，混迹市井，如今佛头现世，五脉黄家后人黄烟烟又为他带来父亲离奇死亡的消息，许愿被卷入古董界的漩涡之中。寻宝重任、家族冤屈、五脉天才药不然的步步紧逼、祖父故交付贵的追随和神秘人老朝奉的追击……许愿必须摆脱各方势力的纠缠，还要赶在回归仪式开始之前，查明佛头的真相。', '1005');
INSERT INTO `电影信息表` VALUES ('20211006', '反贪风暴5：最终章', '2021-12-31', '港片最卖座经典 IP 之一，反贪系列最终章强势归来，最后一役燃爆开战，贪腐大案即刻终结。 ICAC 首席调查主任陆志廉(古天乐饰)与总调查主任程德明(郑嘉颖饰)共同调查走私贪污案，意外发现另一起涉及人口贩卖的海关贪腐大案。此案与恐袭集团首脑 King 及其幕后指使人肖卓亚(谢天华饰)有关，并牵涉多名香港海关高层领导，且似乎与受邀到香港、被 JFIU 廖保强(张智霖饰)秘密保护的亚洲首席大法官庞爱玛(宣萱饰)也有联系。正邪交锋势如水火，看廉署雷霆打击巨贪恶营……', '1006');
INSERT INTO `电影信息表` VALUES ('20211007', '李茂扮太子', '2022-01-01', '富家女杨家珍与小捕快李茂成婚，虽夫妻恩爱，但始终得不到家珍父母的认可。李茂意外发现自己竟与当朝太子相貌相同，一个想进宫获得晋升，一个想出宫获得自由，二人交换身份，却不知正一步步卷入尚书的阴谋里……', '1007');
INSERT INTO `电影信息表` VALUES ('20211008', '哦！文姬', '2021-12-03', '患有阿尔茨海默症的文姬奶奶，目睹了孙女的车祸现场，为了找出肇事逃逸者，文姬努力对抗病症回忆案发细节，和儿子一同踏上了逗趣又温情的追凶之路。', '1008');
INSERT INTO `电影信息表` VALUES ('20211009', '中国机长', '2021-12-01', '四川航空3U8633航班机组执行航班任务时，在万米高空突遇驾驶舱风挡玻璃爆裂脱落、座舱释压的极端罕见险情。机组成员凭借着极少仍在工作状态的仪器，艰难地进行手动驾驶。座舱释压发生时，乘务组立即执行释压处置程序，指导旅客使用氧气面罩，并训练有素地喊出：“请大家相信我们，相信我们有信心、有能力带领大家安全落地。”生死关头，英雄机组的正确处置，确保了机上全体人员的生命安全，创造了世界民航史上的奇迹 。', '1009');
INSERT INTO `电影信息表` VALUES ('20211010', '荣耀时刻', '2021-12-09', '善科（斯特凡·德诺利博夫 饰）是一名铁道工人，某天在执勤的过程中，意外发现洒落遍地的钞票。忠厚老实的他，没想太多便决定报警处理。适逢弊案频传，首席公关尤莉亚（玛吉塔·戈施瓦 饰）决定炒作他的义举，力图扭转政府形象。然而，精明干练的她，竟在表扬典礼上意外弄丢了善科心爱的旧表，事后非但没有及时解决，还不断敷衍搪塞，意图使他知难而退。还了巨款却赔上父亲唯一遗物的善科，决定不惜一切也要拿回他仅有的珍宝与尊严。', '1010');
INSERT INTO `电影信息表` VALUES ('20211011', '爱情神话', '2021-12-24', '李小姐，带着女儿过着单身生活。蓓蓓，离婚后热衷跳探戈。格洛瑞亚，有钱有闲老公失踪。三 个完全不同的女人因为老白而产生了交集。上海爷叔老白自称杂家，专门教老年人画画。老白的好友老乌 谈吐风趣，一生追逐浪漫。几顿饭局，让老白家的客厅成为了众人的聚会点。三女两男，在上海这座摩登 之都里，凭借智慧、幽默过招，描摹出多样的市井烟火。', '1011');
INSERT INTO `电影信息表` VALUES ('20211012', '奇幻森林之兽语小子', '2021-12-25', '动物会说话，奇幻大冒险！勇敢的小男孩阿拉亚在救下了被捕猎者抓捕的捻角山羊后，意外获得古老传说中赋予的和动物说话的能力。在护送捻角山羊回家的路上，结识了雪豹等伙伴，他们通过团结协作，经历了一场奇幻的冒险，最终成功护送捻角山羊回家，收获了友谊。', '1012');
INSERT INTO `电影信息表` VALUES ('20211013', '飞雪迎春', '2021-12-24', '1931年夏末，晋西游击队秘密进入陕北，计划与安定保商队探讨联合行动事宜。此时县里突然空降了一个主抓粮饷的王德明处长。这可急坏了潜伏在国民政府的任广生，从最初的杂事，做到了现在的安定北区区长。多年的斗争经验，让任广生变得十分谨慎。担心意外发生的他，向上级提出更改游击队与保商队会面时间的请求，却被告知任务必须执行，因为会面结果会直接影响游击队吸收陕北闲散武装力量的后续进度，不止是安定，陕北其它地区的进步武装力量同样在观望共产党。就在任广生重新寻找会面地点的时候，却突发各种情况，先是保商队联络人被捕，后来又有女儿任志贞为了向党组织证明自己仓促发动学生游行。为确保联合行动的问题能够顺利解决，任广生不得不主动暴露自己，引走了王德明和国民党追兵。另一边，同志们则带领刚刚处理完联合行动问题的游击队关键人物离开了安定。陕北的革命志士就像冬日飞雪的腊梅，迎风绽放，为春天的到来，散发一段幽香。', '1013');
INSERT INTO `电影信息表` VALUES ('20211014', '永不消逝的电波', '2021-10-06', '1938年的上海。这里是帝国主义侵略中国的大本营，也是蒋介石勾结日寇搞卖国活动的秘密接头点。我党地下组织的电台被敌人破坏了，延安解放区我军电台政委李侠奉命前往上海，加强秘密电台的工作。地下党组织同时还派何葛垫兰芬与李侠假扮成夫妻，协助李侠工作。李侠白天的身份是湘绣商人，晚上就到阁楼上去收发电报。 何兰芬本是纱厂女工，扮成太太很不习惯。李侠耐心的说服她上海是更危险的前线，并把她带到阁楼上，向她讲明自己的工作岗位对革命的重要意义。在战斗中，李侠与何兰芬产生了感情，二人经过组织批准，结成了真正的夫妻。李侠通过电波揭露国民党右派的投降阴谋、传播我党抗日主张，使敌人深感恐慌。上海被日军全面占领后，日寇通过分区停电等方式发现了秘密电台并逮捕了李侠。李侠在敌人的酷刑下，严守党的秘密，不卑不亢从容应对，自始至终只说“我是中国人”。敌人无奈将他释放。而与李侠同牢的国民党特务姚苇误以为李侠是重庆派来的人，在出狱后力邀李侠参与传递密谈降日情报的活动。李侠借机将这些情报转送到延安。日本投降后，李侠夫妇继续与国民党反动派进行着斗争。1949年，解放战争即将取得最后的胜利，这时，李侠的电台被发现了。党组织通知李侠撤回根据地去。就在撤离前夕，李侠得到两份重要情报。他为将两份情报发送出去，让妻子带着儿子转移，自己则坚守在工作岗位上。姚苇测出了李侠的电台所传出的信号并带人包围了他所在的地方。在敌人即将到来的危急时刻，李侠争分夺秒坚持将骗格承情报发完。敌人的枪口对准了李侠，李侠镇定地将电报稿吞进肚里，向战友们深情地发出最后的话：“同志们，永别了，我想念你们。 ”', '1014');
INSERT INTO `电影信息表` VALUES ('20211015', '山村老尸', '1999-11-04', '小明 （ 海俊杰 饰）与嫌境燥同伴出外游玩，同伴们竟玩起了“招魂游戏”，小明生就阴阳眼海婶炼凶，能看到鬼魂，因觉得不妥而拒绝参加这次游戏。结果游戏出现意外，一人当场心脏病发死亡，另三个游戏者也无缘无故地离奇死洪享于非命。小明凭直觉感到事有蹊跷，遂求助于当记者的姐姐CISSY （ 黎姿 饰），CISSY也想获得独家新闻，于是介绍对灵学深有研究而且暗恋自己的好友发毛 （ 吴镇宇 饰）帮助小明。发毛与小明赴事发地点黄山村调查，发现该村在近百年前曾发生离奇惨案，当时这里住着一名粤剧名伶，其夫为该村老师，但却是衣冠禽兽，为达到与富家千金结合的目的，设局害死妻子，更抛尸荒山。名伶死后得知真情，冤魂不散，三天内害死该村66条人命。这次女鬼的埋尸处有工程新建，女鬼的尸骨被抛入山边的潭中，于是又出来害人。', '1015');
INSERT INTO `电影信息表` VALUES ('20211016', '这个杀手不太冷静', '2022-02-01', '马丽魏翔上演2022开年第一喜剧，平台高分好评如潮！《夏洛特烦恼》《西虹市首富》导演闫非、彭大魔监制，邢文雄执导，马丽、魏翔等喜剧人主演，携手打造爆笑“杀手奇遇”！小人物龙套演员魏成功（魏翔 饰）得到当红女星米兰（马丽 饰）“赏识”，被邀请出演男一号神秘杀手，却没想到这一切竟是一场危机四伏的“戏中戏”、“局中局”。被蒙在鼓里的魏成功数次凭借自己的演技和好运化险为夷，而这场阴谋却逐渐失控，残酷的真相也离他越来越近……\r\n', '1016');

-- ----------------------------
-- Table structure for 管理员
-- ----------------------------
DROP TABLE IF EXISTS `管理员`;
CREATE TABLE `管理员`  (
  `编号` varchar(10) CHARACTER SET utf8 COLLATE utf8_general_ci NOT NULL,
  `用户名` varchar(10) CHARACTER SET utf8 COLLATE utf8_general_ci NOT NULL,
  `密码` varchar(30) CHARACTER SET utf8 COLLATE utf8_general_ci NOT NULL DEFAULT '000000',
  PRIMARY KEY (`编号`) USING BTREE
) ENGINE = InnoDB CHARACTER SET = utf8 COLLATE = utf8_general_ci ROW_FORMAT = Dynamic;

-- ----------------------------
-- Records of 管理员
-- ----------------------------
INSERT INTO `管理员` VALUES ('1001', '谢莹莹', 'ONAKuJReMEbR');
INSERT INTO `管理员` VALUES ('1002', '景芸茗', 'YPc1C3n3rpyt');
INSERT INTO `管理员` VALUES ('1003', '关诗怀', 'fBzF7hMC4GcF');
INSERT INTO `管理员` VALUES ('1004', '毛善玲', 'ktEEiVgPNZNW');
INSERT INTO `管理员` VALUES ('1005', '聂燕舞', '6HDUubykhQ2K');
INSERT INTO `管理员` VALUES ('1006', '邓梓彤', 'nsX54mxnfi3M');
INSERT INTO `管理员` VALUES ('1007', '訾子舒', '9Cx2WwzOFtzm');
INSERT INTO `管理员` VALUES ('1008', '曾映安', 'VTTd3mdsir7a');
INSERT INTO `管理员` VALUES ('1009', '糜家欣', '9tskmFU6ocDv');
INSERT INTO `管理员` VALUES ('1010', '仰芷珊', 'dcC3XhNHf2Dn');

-- ----------------------------
-- Procedure structure for 查找演员
-- ----------------------------
DROP PROCEDURE IF EXISTS `查找演员`;
delimiter ;;
CREATE DEFINER=`root`@`%` PROCEDURE `查找演员`( IN `查询电影` VARCHAR ( 40 ) )
BEGIN
DECLARE
ID VARCHAR ( 10 );
	
	SET ID = ( SELECT `电影编号` FROM `电影信息表` WHERE `电影名` = `查询电影` );
	IF
( ID IS NOT NULL ) THEN
SELECT
    `演员姓名`
FROM
    `演员表`
WHERE
        `演员编号` = ( SELECT `演员编号` FROM `电影信息表`, `参演表` WHERE `电影信息表`.`电影编号` = `参演表`.`电影编号` AND `是否为主演` = 1 AND `电影信息表`.`电影编号` = ID );
ELSE SELECT
         '没有该电影';

END IF;

END
;;
delimiter ;

-- ----------------------------
-- Triggers structure for table 用户信息表
-- ----------------------------
DROP TRIGGER IF EXISTS `D_user_info`;
delimiter ;;
CREATE TRIGGER `D_user_info` BEFORE DELETE ON `用户信息表` FOR EACH ROW BEGIN
    DELETE FROM `影评表` WHERE `影评表`.`用户编号` = old.`用户编号`;
    DELETE FROM `用户主题表` WHERE `用户主题表`.`用户编号` = old.`用户编号`;
    DELETE FROM `用户演员表` WHERE `用户演员表`.`用户编号` = old.`用户编号`;
    DELETE FROM `用户导演表` WHERE `用户导演表`.`用户编号` = old.`用户编号`;
END
;;
delimiter ;

SET FOREIGN_KEY_CHECKS = 1;
